,0
0,"{'symbol': 'IEX', 'messageType': 'book', 'data': {'bids': [], 'asks': []}, 'seq': 1790}"
1,"{'symbol': 'IEX', 'messageType': 'book', 'data': {'bids': [], 'asks': []}, 'seq': 1791}"
2,"{'symbol': 'IEX', 'messageType': 'book', 'data': {'bids': [], 'asks': []}, 'seq': 1792}"
3,"{'symbol': 'IEX', 'messageType': 'book', 'data': {'bids': [], 'asks': []}, 'seq': 1793}"
4,"{'symbol': 'IEX', 'messageType': 'book', 'data': {'bids': [], 'asks': [{'price': 197.46, 'size': 100, 'timestamp': 1614282433701}]}, 'seq': 1794}"
5,"{'symbol': 'IEX', 'messageType': 'book', 'data': {'bids': [], 'asks': []}, 'seq': 1795}"
6,"{'symbol': 'IEX', 'messageType': 'book', 'data': {'bids': [{'price': 197.09, 'size': 100, 'timestamp': 1614282440972}], 'asks': []}, 'seq': 1796}"
7,"{'symbol': 'IEX', 'messageType': 'book', 'data': {'bids': [{'price': 197.27, 'size': 100, 'timestamp': 1614282449033}], 'asks': []}, 'seq': 1797}"
8,
9,"{'symbol': 'IEX', 'messageType': 'book', 'data': {'bids': [{'price': 197.27, 'size': 100, 'timestamp': 1614282449033}], 'asks': []}, 'seq': 1798}"
10,"{'symbol': 'IEX', 'messageType': 'book', 'data': {'bids': [], 'asks': []}, 'seq': 1799}"
11,"{'symbol': 'IEX', 'messageType': 'book', 'data': {'bids': [], 'asks': [{'price': 197.51, 'size': 100, 'timestamp': 1614282480004}]}, 'seq': 1800}"
12,"{'symbol': 'IEX', 'messageType': 'book', 'data': {'bids': [], 'asks': []}, 'seq': 1801}"
13,"{'symbol': 'IEX', 'messageType': 'book', 'data': {'bids': [], 'asks': []}, 'seq': 1802}"
14,"{'symbol': 'IEX', 'messageType': 'book', 'data': {'bids': [], 'asks': [{'price': 197.41, 'size': 100, 'timestamp': 1614282518886}]}, 'seq': 1803}"
15,"{'symbol': 'IEX', 'messageType': 'book', 'data': {'bids': [], 'asks': [{'price': 197.41, 'size': 100, 'timestamp': 1614282521504}]}, 'seq': 1804}"
16,"{'symbol': 'IEX', 'messageType': 'book', 'data': {'bids': [], 'asks': []}, 'seq': 1805}"
17,
18,"{'symbol': 'IEX', 'messageType': 'book', 'data': {'bids': [], 'asks': []}, 'seq': 1806}"
19,"{'symbol': 'IEX', 'messageType': 'book', 'data': {'bids': [{'price': 197.06, 'size': 100, 'timestamp': 1614282555580}], 'asks': []}, 'seq': 1807}"
20,"{'symbol': 'IEX', 'messageType': 'book', 'data': {'bids': [], 'asks': []}, 'seq': 1808}"
21,"{'symbol': 'IEX', 'messageType': 'book', 'data': {'bids': [], 'asks': []}, 'seq': 1809}"
22,
23,"{'symbol': 'IEX', 'messageType': 'book', 'data': {'bids': [{'price': 197.06, 'size': 100, 'timestamp': 1614282599767}], 'asks': []}, 'seq': 1810}"
24,"{'symbol': 'IEX', 'messageType': 'book', 'data': {'bids': [], 'asks': []}, 'seq': 1811}"
25,
26,"{'symbol': 'IEX', 'messageType': 'book', 'data': {'bids': [{'price': 197.14, 'size': 100, 'timestamp': 1614282657447}], 'asks': []}, 'seq': 1812}"
27,"{'symbol': 'IEX', 'messageType': 'book', 'data': {'bids': [], 'asks': []}, 'seq': 1813}"
28,"{'symbol': 'IEX', 'messageType': 'book', 'data': {'bids': [], 'asks': [{'price': 197.41, 'size': 100, 'timestamp': 1614282664518}]}, 'seq': 1814}"
29,"{'symbol': 'IEX', 'messageType': 'book', 'data': {'bids': [], 'asks': []}, 'seq': 1815}"
30,"{'symbol': 'IEX', 'messageType': 'book', 'data': {'bids': [], 'asks': [{'price': 197.41, 'size': 100, 'timestamp': 1614282668779}]}, 'seq': 1816}"
31,"{'symbol': 'IEX', 'messageType': 'book', 'data': {'bids': [], 'asks': []}, 'seq': 1817}"
32,"{'symbol': 'IEX', 'messageType': 'book', 'data': {'bids': [], 'asks': []}, 'seq': 1818}"
33,"{'symbol': 'IEX', 'messageType': 'book', 'data': {'bids': [], 'asks': [{'price': 197.41, 'size': 100, 'timestamp': 1614282688382}]}, 'seq': 1819}"
34,"{'symbol': 'IEX', 'messageType': 'book', 'data': {'bids': [], 'asks': []}, 'seq': 1820}"
35,"{'symbol': 'IEX', 'messageType': 'book', 'data': {'bids': [{'price': 197.14, 'size': 100, 'timestamp': 1614282695178}], 'asks': []}, 'seq': 1821}"
36,"{'symbol': 'IEX', 'messageType': 'book', 'data': {'bids': [], 'asks': []}, 'seq': 1822}"
37,"{'symbol': 'IEX', 'messageType': 'book', 'data': {'bids': [{'price': 197.14, 'size': 100, 'timestamp': 1614282706175}], 'asks': []}, 'seq': 1823}"
38,"{'symbol': 'IEX', 'messageType': 'book', 'data': {'bids': [], 'asks': []}, 'seq': 1824}"
39,"{'symbol': 'IEX', 'messageType': 'book', 'data': {'bids': [{'price': 197.14, 'size': 100, 'timestamp': 1614282714878}], 'asks': []}, 'seq': 1825}"
40,
41,"{'symbol': 'IEX', 'messageType': 'book', 'data': {'bids': [], 'asks': []}, 'seq': 1826}"
42,"{'symbol': 'IEX', 'messageType': 'book', 'data': {'bids': [], 'asks': []}, 'seq': 1827}"
43,
44,"{'symbol': 'IEX', 'messageType': 'book', 'data': {'bids': [], 'asks': []}, 'seq': 1828}"
45,"{'symbol': 'IEX', 'messageType': 'book', 'data': {'bids': [], 'asks': []}, 'seq': 1829}"
46,"{'symbol': 'IEX', 'messageType': 'book', 'data': {'bids': [], 'asks': [{'price': 197.35, 'size': 100, 'timestamp': 1614282820195}]}, 'seq': 1830}"
47,"{'symbol': 'IEX', 'messageType': 'book', 'data': {'bids': [], 'asks': [{'price': 197.19, 'size': 100, 'timestamp': 1614282832713}]}, 'seq': 1831}"
48,
49,"{'symbol': 'IEX', 'messageType': 'book', 'data': {'bids': [], 'asks': [{'price': 197.17, 'size': 100, 'timestamp': 1614282835789}]}, 'seq': 1832}"
50,"{'symbol': 'IEX', 'messageType': 'book', 'data': {'bids': [], 'asks': []}, 'seq': 1833}"
51,"{'symbol': 'IEX', 'messageType': 'book', 'data': {'bids': [], 'asks': [{'price': 197.19, 'size': 100, 'timestamp': 1614282843631}]}, 'seq': 1834}"
52,"{'symbol': 'IEX', 'messageType': 'book', 'data': {'bids': [], 'asks': [{'price': 197.16, 'size': 100, 'timestamp': 1614282860183}]}, 'seq': 1835}"
53,"{'symbol': 'IEX', 'messageType': 'book', 'data': {'bids': [], 'asks': []}, 'seq': 1836}"
54,
55,"{'symbol': 'IEX', 'messageType': 'book', 'data': {'bids': [], 'asks': []}, 'seq': 1837}"
56,"{'symbol': 'IEX', 'messageType': 'book', 'data': {'bids': [{'price': 196.88, 'size': 100, 'timestamp': 1614282925602}], 'asks': []}, 'seq': 1838}"
57,"{'symbol': 'IEX', 'messageType': 'book', 'data': {'bids': [], 'asks': []}, 'seq': 1839}"
58,"{'symbol': 'IEX', 'messageType': 'book', 'data': {'bids': [{'price': 196.99, 'size': 100, 'timestamp': 1614282931715}], 'asks': []}, 'seq': 1840}"
59,"{'symbol': 'IEX', 'messageType': 'book', 'data': {'bids': [{'price': 197.09, 'size': 100, 'timestamp': 1614282937754}], 'asks': []}, 'seq': 1841}"
60,"{'symbol': 'IEX', 'messageType': 'book', 'data': {'bids': [], 'asks': []}, 'seq': 1842}"
61,"{'symbol': 'IEX', 'messageType': 'book', 'data': {'bids': [{'price': 197.01, 'size': 100, 'timestamp': 1614282954113}], 'asks': []}, 'seq': 1843}"
62,
63,"{'symbol': 'IEX', 'messageType': 'book', 'data': {'bids': [{'price': 197.01, 'size': 100, 'timestamp': 1614282954113}], 'asks': []}, 'seq': 1844}"
64,"{'symbol': 'IEX', 'messageType': 'book', 'data': {'bids': [{'price': 197.01, 'size': 100, 'timestamp': 1614282954113}], 'asks': []}, 'seq': 1845}"
65,"{'symbol': 'IEX', 'messageType': 'book', 'data': {'bids': [{'price': 197.01, 'size': 100, 'timestamp': 1614282954113}], 'asks': []}, 'seq': 1846}"
66,"{'symbol': 'IEX', 'messageType': 'book', 'data': {'bids': [{'price': 197.01, 'size': 100, 'timestamp': 1614282954113}], 'asks': [{'price': 197.3, 'size': 100, 'timestamp': 1614282977019}]}, 'seq': 1847}"
67,"{'symbol': 'IEX', 'messageType': 'book', 'data': {'bids': [{'price': 197.01, 'size': 100, 'timestamp': 1614282954113}], 'asks': []}, 'seq': 1848}"
68,"{'symbol': 'IEX', 'messageType': 'book', 'data': {'bids': [{'price': 197.01, 'size': 100, 'timestamp': 1614282954113}], 'asks': [{'price': 197.29, 'size': 100, 'timestamp': 1614282989817}]}, 'seq': 1849}"
69,"{'symbol': 'IEX', 'messageType': 'book', 'data': {'bids': [{'price': 197.01, 'size': 100, 'timestamp': 1614282954113}], 'asks': [{'price': 197.29, 'size': 100, 'timestamp': 1614282991873}]}, 'seq': 1850}"
70,"{'symbol': 'IEX', 'messageType': 'book', 'data': {'bids': [{'price': 196.93, 'size': 100, 'timestamp': 1614283001505}], 'asks': []}, 'seq': 1851}"
71,"{'symbol': 'IEX', 'messageType': 'book', 'data': {'bids': [{'price': 196.93, 'size': 100, 'timestamp': 1614283001505}], 'asks': [{'price': 197.25, 'size': 100, 'timestamp': 1614283005497}]}, 'seq': 1852}"
72,"{'symbol': 'IEX', 'messageType': 'book', 'data': {'bids': [], 'asks': [{'price': 197.25, 'size': 100, 'timestamp': 1614283005497}]}, 'seq': 1853}"
73,"{'symbol': 'IEX', 'messageType': 'book', 'data': {'bids': [{'price': 196.93, 'size': 100, 'timestamp': 1614283012657}], 'asks': [{'price': 197.25, 'size': 100, 'timestamp': 1614283005497}]}, 'seq': 1854}"
74,
75,"{'symbol': 'IEX', 'messageType': 'book', 'data': {'bids': [{'price': 196.87, 'size': 100, 'timestamp': 1614283014767}], 'asks': [{'price': 197.25, 'size': 100, 'timestamp': 1614283005497}]}, 'seq': 1855}"
76,"{'symbol': 'IEX', 'messageType': 'book', 'data': {'bids': [], 'asks': [{'price': 197.25, 'size': 100, 'timestamp': 1614283005497}]}, 'seq': 1856}"
77,"{'symbol': 'IEX', 'messageType': 'book', 'data': {'bids': [], 'asks': [{'price': 197.25, 'size': 100, 'timestamp': 1614283028748}]}, 'seq': 1857}"
78,"{'symbol': 'IEX', 'messageType': 'book', 'data': {'bids': [], 'asks': [{'price': 197.25, 'size': 100, 'timestamp': 1614283033349}]}, 'seq': 1858}"
79,"{'symbol': 'IEX', 'messageType': 'book', 'data': {'bids': [], 'asks': [{'price': 197.25, 'size': 100, 'timestamp': 1614283035655}]}, 'seq': 1859}"
80,"{'symbol': 'IEX', 'messageType': 'book', 'data': {'bids': [], 'asks': [{'price': 197.25, 'size': 100, 'timestamp': 1614283035655}]}, 'seq': 1860}"
81,"{'symbol': 'IEX', 'messageType': 'book', 'data': {'bids': [], 'asks': [{'price': 197.24, 'size': 100, 'timestamp': 1614283042482}]}, 'seq': 1861}"
82,"{'symbol': 'IEX', 'messageType': 'book', 'data': {'bids': [], 'asks': [{'price': 197.24, 'size': 100, 'timestamp': 1614283042482}]}, 'seq': 1862}"
83,"{'symbol': 'IEX', 'messageType': 'book', 'data': {'bids': [{'price': 196.77, 'size': 100, 'timestamp': 1614283046437}], 'asks': []}, 'seq': 1863}"
84,"{'symbol': 'IEX', 'messageType': 'book', 'data': {'bids': [], 'asks': [{'price': 197.25, 'size': 100, 'timestamp': 1614283054485}]}, 'seq': 1864}"
85,"{'symbol': 'IEX', 'messageType': 'book', 'data': {'bids': [], 'asks': []}, 'seq': 1865}"
86,"{'symbol': 'IEX', 'messageType': 'book', 'data': {'bids': [], 'asks': []}, 'seq': 1866}"
87,"{'symbol': 'IEX', 'messageType': 'book', 'data': {'bids': [], 'asks': [{'price': 197.2, 'size': 100, 'timestamp': 1614283066742}]}, 'seq': 1867}"
88,"{'symbol': 'IEX', 'messageType': 'book', 'data': {'bids': [], 'asks': [{'price': 197.2, 'size': 100, 'timestamp': 1614283070442}]}, 'seq': 1868}"
89,
90,"{'symbol': 'IEX', 'messageType': 'book', 'data': {'bids': [], 'asks': []}, 'seq': 1869}"
91,"{'symbol': 'IEX', 'messageType': 'book', 'data': {'bids': [], 'asks': [{'price': 197.17, 'size': 100, 'timestamp': 1614283078781}]}, 'seq': 1870}"
92,"{'symbol': 'IEX', 'messageType': 'book', 'data': {'bids': [], 'asks': [{'price': 197.17, 'size': 100, 'timestamp': 1614283080421}]}, 'seq': 1871}"
93,"{'symbol': 'IEX', 'messageType': 'book', 'data': {'bids': [], 'asks': []}, 'seq': 1872}"
94,"{'symbol': 'IEX', 'messageType': 'book', 'data': {'bids': [{'price': 196.91, 'size': 100, 'timestamp': 1614283094738}], 'asks': []}, 'seq': 1873}"
95,"{'symbol': 'IEX', 'messageType': 'book', 'data': {'bids': [{'price': 196.91, 'size': 100, 'timestamp': 1614283097543}], 'asks': []}, 'seq': 1874}"
96,"{'symbol': 'IEX', 'messageType': 'book', 'data': {'bids': [], 'asks': []}, 'seq': 1875}"
97,"{'symbol': 'IEX', 'messageType': 'book', 'data': {'bids': [{'price': 196.9, 'size': 100, 'timestamp': 1614283124539}], 'asks': []}, 'seq': 1876}"
98,"{'symbol': 'IEX', 'messageType': 'book', 'data': {'bids': [{'price': 196.96, 'size': 100, 'timestamp': 1614283130757}], 'asks': []}, 'seq': 1877}"
99,"{'symbol': 'IEX', 'messageType': 'book', 'data': {'bids': [{'price': 196.96, 'size': 100, 'timestamp': 1614283130757}], 'asks': []}, 'seq': 1878}"
100,
101,"{'symbol': 'IEX', 'messageType': 'book', 'data': {'bids': [], 'asks': []}, 'seq': 1879}"
102,"{'symbol': 'IEX', 'messageType': 'book', 'data': {'bids': [], 'asks': []}, 'seq': 1880}"
103,"{'symbol': 'IEX', 'messageType': 'book', 'data': {'bids': [{'price': 196.96, 'size': 100, 'timestamp': 1614283144263}], 'asks': []}, 'seq': 1881}"
104,"{'symbol': 'IEX', 'messageType': 'book', 'data': {'bids': [{'price': 196.97, 'size': 100, 'timestamp': 1614283146861}, {'price': 196.96, 'size': 100, 'timestamp': 1614283146860}], 'asks': []}, 'seq': 1882}"
105,"{'symbol': 'IEX', 'messageType': 'book', 'data': {'bids': [{'price': 196.97, 'size': 100, 'timestamp': 1614283159599}], 'asks': []}, 'seq': 1883}"
106,"{'symbol': 'IEX', 'messageType': 'book', 'data': {'bids': [], 'asks': []}, 'seq': 1884}"
107,"{'symbol': 'IEX', 'messageType': 'book', 'data': {'bids': [{'price': 196.98, 'size': 100, 'timestamp': 1614283172636}], 'asks': []}, 'seq': 1885}"
108,"{'symbol': 'IEX', 'messageType': 'book', 'data': {'bids': [], 'asks': []}, 'seq': 1886}"
109,"{'symbol': 'IEX', 'messageType': 'book', 'data': {'bids': [{'price': 196.98, 'size': 100, 'timestamp': 1614283180365}], 'asks': []}, 'seq': 1887}"
110,"{'symbol': 'IEX', 'messageType': 'book', 'data': {'bids': [{'price': 196.99, 'size': 100, 'timestamp': 1614283193027}], 'asks': []}, 'seq': 1888}"
111,
112,"{'symbol': 'IEX', 'messageType': 'book', 'data': {'bids': [{'price': 196.99, 'size': 100, 'timestamp': 1614283193027}], 'asks': [{'price': 197.29, 'size': 100, 'timestamp': 1614283196210}]}, 'seq': 1889}"
113,"{'symbol': 'IEX', 'messageType': 'book', 'data': {'bids': [{'price': 196.99, 'size': 100, 'timestamp': 1614283198385}], 'asks': [{'price': 197.29, 'size': 100, 'timestamp': 1614283196210}]}, 'seq': 1890}"
114,"{'symbol': 'IEX', 'messageType': 'book', 'data': {'bids': [], 'asks': [{'price': 197.29, 'size': 100, 'timestamp': 1614283196210}]}, 'seq': 1891}"
115,"{'symbol': 'IEX', 'messageType': 'book', 'data': {'bids': [{'price': 196.99, 'size': 100, 'timestamp': 1614283206463}], 'asks': [{'price': 197.29, 'size': 100, 'timestamp': 1614283196210}]}, 'seq': 1892}"
116,"{'symbol': 'IEX', 'messageType': 'book', 'data': {'bids': [{'price': 196.99, 'size': 100, 'timestamp': 1614283209087}], 'asks': [{'price': 197.29, 'size': 100, 'timestamp': 1614283196210}]}, 'seq': 1893}"
117,"{'symbol': 'IEX', 'messageType': 'book', 'data': {'bids': [], 'asks': [{'price': 197.29, 'size': 100, 'timestamp': 1614283196210}]}, 'seq': 1894}"
118,"{'symbol': 'IEX', 'messageType': 'book', 'data': {'bids': [{'price': 197.02, 'size': 100, 'timestamp': 1614283230356}], 'asks': [{'price': 197.29, 'size': 100, 'timestamp': 1614283196210}]}, 'seq': 1895}"
119,"{'symbol': 'IEX', 'messageType': 'book', 'data': {'bids': [], 'asks': []}, 'seq': 1896}"
120,"{'symbol': 'IEX', 'messageType': 'book', 'data': {'bids': [], 'asks': []}, 'seq': 1897}"
121,"{'symbol': 'IEX', 'messageType': 'book', 'data': {'bids': [{'price': 197.02, 'size': 100, 'timestamp': 1614283246093}], 'asks': [{'price': 197.44, 'size': 100, 'timestamp': 1614283246576}]}, 'seq': 1898}"
122,"{'symbol': 'IEX', 'messageType': 'book', 'data': {'bids': [{'price': 197.03, 'size': 100, 'timestamp': 1614283249309}], 'asks': []}, 'seq': 1899}"
123,
124,"{'symbol': 'IEX', 'messageType': 'book', 'data': {'bids': [], 'asks': []}, 'seq': 1900}"
125,"{'symbol': 'IEX', 'messageType': 'book', 'data': {'bids': [], 'asks': []}, 'seq': 1901}"
126,"{'symbol': 'IEX', 'messageType': 'book', 'data': {'bids': [], 'asks': []}, 'seq': 1902}"
127,"{'symbol': 'IEX', 'messageType': 'book', 'data': {'bids': [{'price': 197.17, 'size': 100, 'timestamp': 1614283279636}], 'asks': []}, 'seq': 1903}"
128,"{'symbol': 'IEX', 'messageType': 'book', 'data': {'bids': [], 'asks': [{'price': 197.45, 'size': 100, 'timestamp': 1614283284471}]}, 'seq': 1904}"
129,"{'symbol': 'IEX', 'messageType': 'book', 'data': {'bids': [], 'asks': [{'price': 197.31, 'size': 100, 'timestamp': 1614283287501}]}, 'seq': 1905}"
130,"{'symbol': 'IEX', 'messageType': 'book', 'data': {'bids': [], 'asks': [{'price': 197.14, 'size': 100, 'timestamp': 1614283296691}]}, 'seq': 1906}"
131,"{'symbol': 'IEX', 'messageType': 'book', 'data': {'bids': [], 'asks': [{'price': 197.1, 'size': 100, 'timestamp': 1614283305454}]}, 'seq': 1907}"
132,"{'symbol': 'IEX', 'messageType': 'book', 'data': {'bids': [], 'asks': [{'price': 197.14, 'size': 100, 'timestamp': 1614283309271}]}, 'seq': 1908}"
133,
134,"{'symbol': 'IEX', 'messageType': 'book', 'data': {'bids': [], 'asks': [{'price': 197.12, 'size': 100, 'timestamp': 1614283320955}]}, 'seq': 1909}"
135,"{'symbol': 'IEX', 'messageType': 'book', 'data': {'bids': [], 'asks': [{'price': 197.11, 'size': 100, 'timestamp': 1614283327312}]}, 'seq': 1910}"
136,"{'symbol': 'IEX', 'messageType': 'book', 'data': {'bids': [], 'asks': [{'price': 197.11, 'size': 100, 'timestamp': 1614283328669}]}, 'seq': 1911}"
137,"{'symbol': 'IEX', 'messageType': 'book', 'data': {'bids': [], 'asks': []}, 'seq': 1912}"
138,"{'symbol': 'IEX', 'messageType': 'book', 'data': {'bids': [{'price': 196.9, 'size': 100, 'timestamp': 1614283334056}], 'asks': []}, 'seq': 1913}"
139,"{'symbol': 'IEX', 'messageType': 'book', 'data': {'bids': [], 'asks': [{'price': 197.19, 'size': 100, 'timestamp': 1614283342874}]}, 'seq': 1914}"
140,"{'symbol': 'IEX', 'messageType': 'book', 'data': {'bids': [], 'asks': [{'price': 197.19, 'size': 100, 'timestamp': 1614283342874}]}, 'seq': 1915}"
141,"{'symbol': 'IEX', 'messageType': 'book', 'data': {'bids': [], 'asks': []}, 'seq': 1916}"
142,"{'symbol': 'IEX', 'messageType': 'book', 'data': {'bids': [{'price': 196.75, 'size': 100, 'timestamp': 1614283359579}], 'asks': [{'price': 197.13, 'size': 100, 'timestamp': 1614283358961}]}, 'seq': 1917}"
143,"{'symbol': 'IEX', 'messageType': 'book', 'data': {'bids': [], 'asks': [{'price': 197.12, 'size': 100, 'timestamp': 1614283361521}]}, 'seq': 1918}"
144,"{'symbol': 'IEX', 'messageType': 'book', 'data': {'bids': [], 'asks': [{'price': 197.11, 'size': 100, 'timestamp': 1614283364415}]}, 'seq': 1919}"
145,"{'symbol': 'IEX', 'messageType': 'book', 'data': {'bids': [], 'asks': []}, 'seq': 1920}"
146,"{'symbol': 'IEX', 'messageType': 'book', 'data': {'bids': [], 'asks': [{'price': 197.11, 'size': 100, 'timestamp': 1614283370497}]}, 'seq': 1921}"
147,"{'symbol': 'IEX', 'messageType': 'book', 'data': {'bids': [], 'asks': []}, 'seq': 1922}"
148,"{'symbol': 'IEX', 'messageType': 'book', 'data': {'bids': [], 'asks': []}, 'seq': 1923}"
149,
150,"{'symbol': 'IEX', 'messageType': 'book', 'data': {'bids': [], 'asks': [{'price': 197.09, 'size': 100, 'timestamp': 1614283375009}]}, 'seq': 1924}"
151,"{'symbol': 'IEX', 'messageType': 'book', 'data': {'bids': [], 'asks': []}, 'seq': 1925}"
152,"{'symbol': 'IEX', 'messageType': 'book', 'data': {'bids': [], 'asks': []}, 'seq': 1926}"
153,"{'symbol': 'IEX', 'messageType': 'book', 'data': {'bids': [], 'asks': []}, 'seq': 1927}"
154,"{'symbol': 'IEX', 'messageType': 'book', 'data': {'bids': [], 'asks': []}, 'seq': 1928}"
155,"{'symbol': 'IEX', 'messageType': 'book', 'data': {'bids': [{'price': 196.73, 'size': 100, 'timestamp': 1614283425581}], 'asks': [{'price': 197.13, 'size': 100, 'timestamp': 1614283424495}]}, 'seq': 1929}"
156,"{'symbol': 'IEX', 'messageType': 'book', 'data': {'bids': [], 'asks': [{'price': 197.13, 'size': 100, 'timestamp': 1614283424495}]}, 'seq': 1930}"
157,
158,"{'symbol': 'IEX', 'messageType': 'book', 'data': {'bids': [], 'asks': []}, 'seq': 1931}"
159,"{'symbol': 'IEX', 'messageType': 'book', 'data': {'bids': [{'price': 196.68, 'size': 100, 'timestamp': 1614283473065}], 'asks': []}, 'seq': 1932}"
160,"{'symbol': 'IEX', 'messageType': 'book', 'data': {'bids': [], 'asks': []}, 'seq': 1933}"
161,"{'symbol': 'IEX', 'messageType': 'book', 'data': {'bids': [], 'asks': []}, 'seq': 1934}"
162,"{'symbol': 'IEX', 'messageType': 'book', 'data': {'bids': [], 'asks': []}, 'seq': 1935}"
163,
164,"{'symbol': 'IEX', 'messageType': 'book', 'data': {'bids': [{'price': 196.74, 'size': 100, 'timestamp': 1614283501366}], 'asks': []}, 'seq': 1936}"
165,"{'symbol': 'IEX', 'messageType': 'book', 'data': {'bids': [{'price': 196.74, 'size': 100, 'timestamp': 1614283501366}], 'asks': []}, 'seq': 1937}"
166,"{'symbol': 'IEX', 'messageType': 'book', 'data': {'bids': [{'price': 196.74, 'size': 100, 'timestamp': 1614283501366}], 'asks': []}, 'seq': 1938}"
167,"{'symbol': 'IEX', 'messageType': 'book', 'data': {'bids': [{'price': 196.86, 'size': 100, 'timestamp': 1614283508035}], 'asks': []}, 'seq': 1939}"
168,"{'symbol': 'IEX', 'messageType': 'book', 'data': {'bids': [{'price': 196.74, 'size': 100, 'timestamp': 1614283512147}], 'asks': []}, 'seq': 1940}"
169,"{'symbol': 'IEX', 'messageType': 'book', 'data': {'bids': [{'price': 196.75, 'size': 100, 'timestamp': 1614283522139}], 'asks': []}, 'seq': 1941}"
170,"{'symbol': 'IEX', 'messageType': 'book', 'data': {'bids': [], 'asks': []}, 'seq': 1942}"
171,"{'symbol': 'IEX', 'messageType': 'book', 'data': {'bids': [], 'asks': []}, 'seq': 1943}"
172,
173,"{'symbol': 'IEX', 'messageType': 'book', 'data': {'bids': [{'price': 196.78, 'size': 100, 'timestamp': 1614283562321}], 'asks': []}, 'seq': 1944}"
174,"{'symbol': 'IEX', 'messageType': 'book', 'data': {'bids': [], 'asks': []}, 'seq': 1945}"
175,"{'symbol': 'IEX', 'messageType': 'book', 'data': {'bids': [{'price': 196.68, 'size': 100, 'timestamp': 1614283574062}], 'asks': []}, 'seq': 1946}"
176,"{'symbol': 'IEX', 'messageType': 'book', 'data': {'bids': [{'price': 196.68, 'size': 100, 'timestamp': 1614283575637}], 'asks': []}, 'seq': 1947}"
177,"{'symbol': 'IEX', 'messageType': 'book', 'data': {'bids': [{'price': 196.68, 'size': 100, 'timestamp': 1614283575637}], 'asks': []}, 'seq': 1948}"
178,"{'symbol': 'IEX', 'messageType': 'book', 'data': {'bids': [], 'asks': []}, 'seq': 1949}"
179,"{'symbol': 'IEX', 'messageType': 'book', 'data': {'bids': [], 'asks': [{'price': 196.99, 'size': 100, 'timestamp': 1614283583918}]}, 'seq': 1950}"
180,"{'symbol': 'IEX', 'messageType': 'book', 'data': {'bids': [], 'asks': [{'price': 196.99, 'size': 100, 'timestamp': 1614283583918}]}, 'seq': 1951}"
181,"{'symbol': 'IEX', 'messageType': 'book', 'data': {'bids': [], 'asks': []}, 'seq': 1952}"
182,"{'symbol': 'IEX', 'messageType': 'book', 'data': {'bids': [], 'asks': [{'price': 196.95, 'size': 100, 'timestamp': 1614283594260}]}, 'seq': 1953}"
183,"{'symbol': 'IEX', 'messageType': 'book', 'data': {'bids': [], 'asks': []}, 'seq': 1954}"
184,
185,"{'symbol': 'IEX', 'messageType': 'book', 'data': {'bids': [], 'asks': []}, 'seq': 1955}"
186,"{'symbol': 'IEX', 'messageType': 'book', 'data': {'bids': [], 'asks': [{'price': 196.68, 'size': 100, 'timestamp': 1614283620686}]}, 'seq': 1956}"
187,"{'symbol': 'IEX', 'messageType': 'book', 'data': {'bids': [], 'asks': []}, 'seq': 1957}"
188,"{'symbol': 'IEX', 'messageType': 'book', 'data': {'bids': [{'price': 196.61, 'size': 100, 'timestamp': 1614283623273}], 'asks': []}, 'seq': 1958}"
189,"{'symbol': 'IEX', 'messageType': 'book', 'data': {'bids': [{'price': 196.51, 'size': 100, 'timestamp': 1614283626299}], 'asks': []}, 'seq': 1959}"
190,"{'symbol': 'IEX', 'messageType': 'book', 'data': {'bids': [{'price': 196.51, 'size': 100, 'timestamp': 1614283626299}], 'asks': [{'price': 196.99, 'size': 100, 'timestamp': 1614283645236}]}, 'seq': 1960}"
191,"{'symbol': 'IEX', 'messageType': 'book', 'data': {'bids': [], 'asks': []}, 'seq': 1961}"
192,"{'symbol': 'IEX', 'messageType': 'book', 'data': {'bids': [], 'asks': []}, 'seq': 1962}"
193,"{'symbol': 'IEX', 'messageType': 'book', 'data': {'bids': [], 'asks': []}, 'seq': 1963}"
194,"{'symbol': 'IEX', 'messageType': 'book', 'data': {'bids': [], 'asks': [{'price': 196.96, 'size': 100, 'timestamp': 1614283658994}]}, 'seq': 1964}"
195,"{'symbol': 'IEX', 'messageType': 'book', 'data': {'bids': [], 'asks': [{'price': 196.96, 'size': 100, 'timestamp': 1614283661713}]}, 'seq': 1965}"
196,"{'symbol': 'IEX', 'messageType': 'book', 'data': {'bids': [], 'asks': [{'price': 196.95, 'size': 100, 'timestamp': 1614283666824}]}, 'seq': 1966}"
197,"{'symbol': 'IEX', 'messageType': 'book', 'data': {'bids': [], 'asks': []}, 'seq': 1967}"
198,"{'symbol': 'IEX', 'messageType': 'book', 'data': {'bids': [{'price': 196.46, 'size': 100, 'timestamp': 1614283674453}], 'asks': [{'price': 196.81, 'size': 100, 'timestamp': 1614283673581}]}, 'seq': 1968}"
199,
200,"{'symbol': 'IEX', 'messageType': 'book', 'data': {'bids': [{'price': 196.46, 'size': 100, 'timestamp': 1614283674453}], 'asks': [{'price': 196.79, 'size': 100, 'timestamp': 1614283679593}]}, 'seq': 1969}"
201,"{'symbol': 'IEX', 'messageType': 'book', 'data': {'bids': [{'price': 196.46, 'size': 100, 'timestamp': 1614283674453}], 'asks': [{'price': 196.77, 'size': 100, 'timestamp': 1614283685816}]}, 'seq': 1970}"
202,"{'symbol': 'IEX', 'messageType': 'book', 'data': {'bids': [{'price': 196.46, 'size': 100, 'timestamp': 1614283674453}], 'asks': [{'price': 196.75, 'size': 100, 'timestamp': 1614283698839}]}, 'seq': 1971}"
203,"{'symbol': 'IEX', 'messageType': 'book', 'data': {'bids': [], 'asks': [{'price': 196.75, 'size': 100, 'timestamp': 1614283698839}]}, 'seq': 1972}"
204,"{'symbol': 'IEX', 'messageType': 'book', 'data': {'bids': [{'price': 196.34, 'size': 100, 'timestamp': 1614283708573}], 'asks': [{'price': 196.75, 'size': 100, 'timestamp': 1614283698839}]}, 'seq': 1973}"
205,"{'symbol': 'IEX', 'messageType': 'book', 'data': {'bids': [{'price': 196.35, 'size': 100, 'timestamp': 1614283712904}], 'asks': [{'price': 196.75, 'size': 100, 'timestamp': 1614283698839}]}, 'seq': 1974}"
206,"{'symbol': 'IEX', 'messageType': 'book', 'data': {'bids': [], 'asks': [{'price': 196.74, 'size': 100, 'timestamp': 1614283715003}]}, 'seq': 1975}"
207,"{'symbol': 'IEX', 'messageType': 'book', 'data': {'bids': [], 'asks': [{'price': 196.64, 'size': 100, 'timestamp': 1614283722233}]}, 'seq': 1976}"
208,"{'symbol': 'IEX', 'messageType': 'book', 'data': {'bids': [{'price': 196.34, 'size': 100, 'timestamp': 1614283724832}], 'asks': [{'price': 196.64, 'size': 100, 'timestamp': 1614283722233}]}, 'seq': 1977}"
209,"{'symbol': 'IEX', 'messageType': 'book', 'data': {'bids': [], 'asks': [{'price': 196.64, 'size': 100, 'timestamp': 1614283722233}]}, 'seq': 1978}"
210,"{'symbol': 'IEX', 'messageType': 'book', 'data': {'bids': [], 'asks': [{'price': 196.57, 'size': 100, 'timestamp': 1614283734585}]}, 'seq': 1979}"
211,
212,"{'symbol': 'IEX', 'messageType': 'book', 'data': {'bids': [], 'asks': [{'price': 196.57, 'size': 100, 'timestamp': 1614283734585}]}, 'seq': 1980}"
213,"{'symbol': 'IEX', 'messageType': 'book', 'data': {'bids': [], 'asks': [{'price': 196.56, 'size': 100, 'timestamp': 1614283738061}]}, 'seq': 1981}"
214,"{'symbol': 'IEX', 'messageType': 'book', 'data': {'bids': [], 'asks': []}, 'seq': 1982}"
215,"{'symbol': 'IEX', 'messageType': 'book', 'data': {'bids': [], 'asks': [{'price': 196.56, 'size': 100, 'timestamp': 1614283757512}]}, 'seq': 1983}"
216,"{'symbol': 'IEX', 'messageType': 'book', 'data': {'bids': [], 'asks': [{'price': 196.52, 'size': 100, 'timestamp': 1614283769580}]}, 'seq': 1984}"
217,"{'symbol': 'IEX', 'messageType': 'book', 'data': {'bids': [], 'asks': []}, 'seq': 1985}"
218,"{'symbol': 'IEX', 'messageType': 'book', 'data': {'bids': [], 'asks': []}, 'seq': 1986}"
219,
220,"{'symbol': 'IEX', 'messageType': 'book', 'data': {'bids': [], 'asks': []}, 'seq': 1987}"
221,"{'symbol': 'IEX', 'messageType': 'book', 'data': {'bids': [], 'asks': [{'price': 196.52, 'size': 100, 'timestamp': 1614283808514}]}, 'seq': 1988}"
222,"{'symbol': 'IEX', 'messageType': 'book', 'data': {'bids': [], 'asks': []}, 'seq': 1989}"
223,"{'symbol': 'IEX', 'messageType': 'book', 'data': {'bids': [], 'asks': []}, 'seq': 1990}"
224,"{'symbol': 'IEX', 'messageType': 'book', 'data': {'bids': [], 'asks': []}, 'seq': 1991}"
225,"{'symbol': 'IEX', 'messageType': 'book', 'data': {'bids': [{'price': 196.59, 'size': 100, 'timestamp': 1614283815072}], 'asks': []}, 'seq': 1992}"
226,"{'symbol': 'IEX', 'messageType': 'book', 'data': {'bids': [{'price': 196.58, 'size': 100, 'timestamp': 1614283816872}], 'asks': [{'price': 196.97, 'size': 100, 'timestamp': 1614283817815}]}, 'seq': 1993}"
227,"{'symbol': 'IEX', 'messageType': 'book', 'data': {'bids': [], 'asks': []}, 'seq': 1994}"
228,"{'symbol': 'IEX', 'messageType': 'book', 'data': {'bids': [{'price': 196.58, 'size': 100, 'timestamp': 1614283824898}], 'asks': []}, 'seq': 1995}"
229,"{'symbol': 'IEX', 'messageType': 'book', 'data': {'bids': [], 'asks': []}, 'seq': 1996}"
230,"{'symbol': 'IEX', 'messageType': 'book', 'data': {'bids': [{'price': 196.59, 'size': 100, 'timestamp': 1614283828573}], 'asks': []}, 'seq': 1997}"
231,"{'symbol': 'IEX', 'messageType': 'book', 'data': {'bids': [], 'asks': [{'price': 196.89, 'size': 100, 'timestamp': 1614283832273}]}, 'seq': 1998}"
232,"{'symbol': 'IEX', 'messageType': 'book', 'data': {'bids': [], 'asks': [{'price': 196.89, 'size': 100, 'timestamp': 1614283834582}]}, 'seq': 1999}"
233,"{'symbol': 'IEX', 'messageType': 'book', 'data': {'bids': [], 'asks': []}, 'seq': 2000}"
234,"{'symbol': 'IEX', 'messageType': 'book', 'data': {'bids': [], 'asks': [{'price': 196.9, 'size': 100, 'timestamp': 1614283849682}]}, 'seq': 2001}"
235,"{'symbol': 'IEX', 'messageType': 'book', 'data': {'bids': [], 'asks': [{'price': 196.88, 'size': 100, 'timestamp': 1614283852534}]}, 'seq': 2002}"
236,
237,"{'symbol': 'IEX', 'messageType': 'book', 'data': {'bids': [], 'asks': []}, 'seq': 2003}"
238,"{'symbol': 'IEX', 'messageType': 'book', 'data': {'bids': [], 'asks': []}, 'seq': 2004}"
239,"{'symbol': 'IEX', 'messageType': 'book', 'data': {'bids': [], 'asks': []}, 'seq': 2005}"
240,"{'symbol': 'IEX', 'messageType': 'book', 'data': {'bids': [], 'asks': [{'price': 196.94, 'size': 100, 'timestamp': 1614283870287}]}, 'seq': 2006}"
241,"{'symbol': 'IEX', 'messageType': 'book', 'data': {'bids': [], 'asks': []}, 'seq': 2007}"
242,"{'symbol': 'IEX', 'messageType': 'book', 'data': {'bids': [], 'asks': []}, 'seq': 2008}"
243,"{'symbol': 'IEX', 'messageType': 'book', 'data': {'bids': [], 'asks': [{'price': 196.9, 'size': 100, 'timestamp': 1614283888152}]}, 'seq': 2009}"
244,"{'symbol': 'IEX', 'messageType': 'book', 'data': {'bids': [], 'asks': [{'price': 196.94, 'size': 100, 'timestamp': 1614283891030}]}, 'seq': 2010}"
245,"{'symbol': 'IEX', 'messageType': 'book', 'data': {'bids': [], 'asks': [{'price': 196.93, 'size': 100, 'timestamp': 1614283896058}]}, 'seq': 2011}"
246,"{'symbol': 'IEX', 'messageType': 'book', 'data': {'bids': [], 'asks': []}, 'seq': 2012}"
247,"{'symbol': 'IEX', 'messageType': 'book', 'data': {'bids': [], 'asks': [{'price': 196.88, 'size': 100, 'timestamp': 1614283908097}]}, 'seq': 2013}"
248,"{'symbol': 'IEX', 'messageType': 'book', 'data': {'bids': [], 'asks': [{'price': 196.88, 'size': 100, 'timestamp': 1614283914204}]}, 'seq': 2014}"
249,
250,"{'symbol': 'IEX', 'messageType': 'book', 'data': {'bids': [], 'asks': [{'price': 196.8, 'size': 100, 'timestamp': 1614283917586}]}, 'seq': 2015}"
251,"{'symbol': 'IEX', 'messageType': 'book', 'data': {'bids': [], 'asks': [{'price': 196.7, 'size': 100, 'timestamp': 1614283920844}]}, 'seq': 2016}"
252,"{'symbol': 'IEX', 'messageType': 'book', 'data': {'bids': [], 'asks': [{'price': 196.7, 'size': 100, 'timestamp': 1614283920844}]}, 'seq': 2017}"
253,"{'symbol': 'IEX', 'messageType': 'book', 'data': {'bids': [], 'asks': [{'price': 196.69, 'size': 100, 'timestamp': 1614283950239}]}, 'seq': 2018}"
254,"{'symbol': 'IEX', 'messageType': 'book', 'data': {'bids': [], 'asks': [{'price': 196.68, 'size': 100, 'timestamp': 1614283959342}]}, 'seq': 2019}"
255,
256,"{'symbol': 'IEX', 'messageType': 'book', 'data': {'bids': [], 'asks': [{'price': 196.79, 'size': 100, 'timestamp': 1614283979945}]}, 'seq': 2020}"
257,"{'symbol': 'IEX', 'messageType': 'book', 'data': {'bids': [], 'asks': []}, 'seq': 2021}"
258,"{'symbol': 'IEX', 'messageType': 'book', 'data': {'bids': [], 'asks': [{'price': 196.76, 'size': 100, 'timestamp': 1614283984649}]}, 'seq': 2022}"
259,"{'symbol': 'IEX', 'messageType': 'book', 'data': {'bids': [], 'asks': [{'price': 196.77, 'size': 100, 'timestamp': 1614283987879}]}, 'seq': 2023}"
260,"{'symbol': 'IEX', 'messageType': 'book', 'data': {'bids': [{'price': 196.37, 'size': 100, 'timestamp': 1614284017957}], 'asks': [{'price': 196.62, 'size': 100, 'timestamp': 1614284017774}]}, 'seq': 2024}"
261,"{'symbol': 'IEX', 'messageType': 'book', 'data': {'bids': [], 'asks': []}, 'seq': 2025}"
262,"{'symbol': 'IEX', 'messageType': 'book', 'data': {'bids': [{'price': 196.41, 'size': 100, 'timestamp': 1614284034900}], 'asks': [{'price': 196.72, 'size': 100, 'timestamp': 1614284033899}]}, 'seq': 2026}"
263,
264,"{'symbol': 'IEX', 'messageType': 'book', 'data': {'bids': [{'price': 196.41, 'size': 100, 'timestamp': 1614284034900}], 'asks': []}, 'seq': 2027}"
265,"{'symbol': 'IEX', 'messageType': 'book', 'data': {'bids': [{'price': 196.41, 'size': 100, 'timestamp': 1614284034900}], 'asks': [{'price': 196.76, 'size': 100, 'timestamp': 1614284045946}]}, 'seq': 2028}"
266,"{'symbol': 'IEX', 'messageType': 'book', 'data': {'bids': [{'price': 196.41, 'size': 100, 'timestamp': 1614284034900}], 'asks': [{'price': 196.75, 'size': 100, 'timestamp': 1614284050205}]}, 'seq': 2029}"
267,"{'symbol': 'IEX', 'messageType': 'book', 'data': {'bids': [], 'asks': [{'price': 196.75, 'size': 100, 'timestamp': 1614284050205}]}, 'seq': 2030}"
268,"{'symbol': 'IEX', 'messageType': 'book', 'data': {'bids': [{'price': 196.41, 'size': 100, 'timestamp': 1614284072573}], 'asks': [{'price': 196.75, 'size': 100, 'timestamp': 1614284050205}]}, 'seq': 2031}"
269,"{'symbol': 'IEX', 'messageType': 'book', 'data': {'bids': [{'price': 196.42, 'size': 100, 'timestamp': 1614284078574}], 'asks': []}, 'seq': 2032}"
270,"{'symbol': 'IEX', 'messageType': 'book', 'data': {'bids': [{'price': 196.42, 'size': 100, 'timestamp': 1614284078574}], 'asks': [{'price': 196.75, 'size': 100, 'timestamp': 1614284080315}]}, 'seq': 2033}"
271,"{'symbol': 'IEX', 'messageType': 'book', 'data': {'bids': [{'price': 196.42, 'size': 100, 'timestamp': 1614284078574}], 'asks': [{'price': 196.74, 'size': 100, 'timestamp': 1614284093731}]}, 'seq': 2034}"
272,
273,"{'symbol': 'IEX', 'messageType': 'book', 'data': {'bids': [{'price': 196.42, 'size': 100, 'timestamp': 1614284078574}], 'asks': [{'price': 196.73, 'size': 100, 'timestamp': 1614284098395}]}, 'seq': 2035}"
274,"{'symbol': 'IEX', 'messageType': 'book', 'data': {'bids': [], 'asks': [{'price': 196.64, 'size': 100, 'timestamp': 1614284112141}]}, 'seq': 2036}"
275,"{'symbol': 'IEX', 'messageType': 'book', 'data': {'bids': [], 'asks': [{'price': 196.63, 'size': 100, 'timestamp': 1614284114822}]}, 'seq': 2037}"
276,"{'symbol': 'IEX', 'messageType': 'book', 'data': {'bids': [], 'asks': [{'price': 196.52, 'size': 100, 'timestamp': 1614284118336}]}, 'seq': 2038}"
277,"{'symbol': 'IEX', 'messageType': 'book', 'data': {'bids': [], 'asks': [{'price': 196.52, 'size': 100, 'timestamp': 1614284118376}]}, 'seq': 2039}"
278,"{'symbol': 'IEX', 'messageType': 'book', 'data': {'bids': [], 'asks': []}, 'seq': 2040}"
279,"{'symbol': 'IEX', 'messageType': 'book', 'data': {'bids': [], 'asks': [{'price': 196.5, 'size': 100, 'timestamp': 1614284126011}]}, 'seq': 2041}"
280,"{'symbol': 'IEX', 'messageType': 'book', 'data': {'bids': [{'price': 196.21, 'size': 100, 'timestamp': 1614284130091}], 'asks': [{'price': 196.51, 'size': 100, 'timestamp': 1614284131002}]}, 'seq': 2042}"
281,"{'symbol': 'IEX', 'messageType': 'book', 'data': {'bids': [], 'asks': [{'price': 196.49, 'size': 100, 'timestamp': 1614284134882}, {'price': 196.51, 'size': 100, 'timestamp': 1614284131002}]}, 'seq': 2043}"
282,"{'symbol': 'IEX', 'messageType': 'book', 'data': {'bids': [], 'asks': []}, 'seq': 2044}"
283,"{'symbol': 'IEX', 'messageType': 'book', 'data': {'bids': [], 'asks': [{'price': 196.61, 'size': 100, 'timestamp': 1614284142922}]}, 'seq': 2045}"
284,"{'symbol': 'IEX', 'messageType': 'book', 'data': {'bids': [], 'asks': [{'price': 196.6, 'size': 100, 'timestamp': 1614284145456}, {'price': 196.61, 'size': 100, 'timestamp': 1614284142922}]}, 'seq': 2046}"
285,"{'symbol': 'IEX', 'messageType': 'book', 'data': {'bids': [{'price': 196.29, 'size': 100, 'timestamp': 1614284154897}], 'asks': [{'price': 196.6, 'size': 100, 'timestamp': 1614284145456}, {'price': 196.61, 'size': 100, 'timestamp': 1614284142922}]}, 'seq': 2047}"
286,"{'symbol': 'IEX', 'messageType': 'book', 'data': {'bids': [{'price': 196.39, 'size': 100, 'timestamp': 1614284155208}], 'asks': []}, 'seq': 2048}"
287,
288,"{'symbol': 'IEX', 'messageType': 'book', 'data': {'bids': [{'price': 196.29, 'size': 100, 'timestamp': 1614284160945}], 'asks': [{'price': 196.58, 'size': 100, 'timestamp': 1614284159747}]}, 'seq': 2049}"
289,"{'symbol': 'IEX', 'messageType': 'book', 'data': {'bids': [{'price': 196.38, 'size': 100, 'timestamp': 1614284167394}], 'asks': []}, 'seq': 2050}"
290,"{'symbol': 'IEX', 'messageType': 'book', 'data': {'bids': [{'price': 196.29, 'size': 100, 'timestamp': 1614284173037}, {'price': 196.28, 'size': 100, 'timestamp': 1614284171836}], 'asks': []}, 'seq': 2051}"
291,"{'symbol': 'IEX', 'messageType': 'book', 'data': {'bids': [{'price': 196.29, 'size': 100, 'timestamp': 1614284173037}], 'asks': [{'price': 196.58, 'size': 100, 'timestamp': 1614284176004}]}, 'seq': 2052}"
292,"{'symbol': 'IEX', 'messageType': 'book', 'data': {'bids': [{'price': 196.38, 'size': 100, 'timestamp': 1614284178563}], 'asks': []}, 'seq': 2053}"
293,"{'symbol': 'IEX', 'messageType': 'book', 'data': {'bids': [], 'asks': [{'price': 196.58, 'size': 100, 'timestamp': 1614284181634}]}, 'seq': 2054}"
294,"{'symbol': 'IEX', 'messageType': 'book', 'data': {'bids': [], 'asks': [{'price': 196.58, 'size': 100, 'timestamp': 1614284181634}]}, 'seq': 2055}"
295,"{'symbol': 'IEX', 'messageType': 'book', 'data': {'bids': [{'price': 196.29, 'size': 100, 'timestamp': 1614284185456}], 'asks': [{'price': 196.58, 'size': 100, 'timestamp': 1614284181634}]}, 'seq': 2056}"
296,"{'symbol': 'IEX', 'messageType': 'book', 'data': {'bids': [], 'asks': [{'price': 196.58, 'size': 100, 'timestamp': 1614284189727}]}, 'seq': 2057}"
297,"{'symbol': 'IEX', 'messageType': 'book', 'data': {'bids': [], 'asks': [{'price': 196.58, 'size': 100, 'timestamp': 1614284189727}]}, 'seq': 2058}"
298,"{'symbol': 'IEX', 'messageType': 'book', 'data': {'bids': [], 'asks': [{'price': 196.58, 'size': 100, 'timestamp': 1614284189727}]}, 'seq': 2059}"
299,"{'symbol': 'IEX', 'messageType': 'book', 'data': {'bids': [{'price': 196.29, 'size': 100, 'timestamp': 1614284201770}], 'asks': [{'price': 196.58, 'size': 100, 'timestamp': 1614284189727}]}, 'seq': 2060}"
300,"{'symbol': 'IEX', 'messageType': 'book', 'data': {'bids': [], 'asks': [{'price': 196.58, 'size': 100, 'timestamp': 1614284189727}]}, 'seq': 2061}"
301,"{'symbol': 'IEX', 'messageType': 'book', 'data': {'bids': [], 'asks': [{'price': 196.58, 'size': 100, 'timestamp': 1614284189727}]}, 'seq': 2062}"
302,"{'symbol': 'IEX', 'messageType': 'book', 'data': {'bids': [], 'asks': [{'price': 196.58, 'size': 100, 'timestamp': 1614284211012}]}, 'seq': 2063}"
303,
304,"{'symbol': 'IEX', 'messageType': 'book', 'data': {'bids': [], 'asks': [{'price': 196.58, 'size': 100, 'timestamp': 1614284211012}]}, 'seq': 2064}"
305,"{'symbol': 'IEX', 'messageType': 'book', 'data': {'bids': [], 'asks': [{'price': 196.58, 'size': 100, 'timestamp': 1614284211012}]}, 'seq': 2065}"
306,"{'symbol': 'IEX', 'messageType': 'book', 'data': {'bids': [], 'asks': [{'price': 196.58, 'size': 100, 'timestamp': 1614284211012}]}, 'seq': 2066}"
307,"{'symbol': 'IEX', 'messageType': 'book', 'data': {'bids': [], 'asks': [{'price': 196.59, 'size': 100, 'timestamp': 1614284225380}]}, 'seq': 2067}"
308,"{'symbol': 'IEX', 'messageType': 'book', 'data': {'bids': [{'price': 196.46, 'size': 100, 'timestamp': 1614284226698}], 'asks': []}, 'seq': 2068}"
309,"{'symbol': 'IEX', 'messageType': 'book', 'data': {'bids': [{'price': 196.36, 'size': 100, 'timestamp': 1614284229700}], 'asks': [{'price': 196.77, 'size': 100, 'timestamp': 1614284231721}]}, 'seq': 2069}"
310,"{'symbol': 'IEX', 'messageType': 'book', 'data': {'bids': [{'price': 196.36, 'size': 100, 'timestamp': 1614284229700}], 'asks': []}, 'seq': 2070}"
311,"{'symbol': 'IEX', 'messageType': 'book', 'data': {'bids': [{'price': 196.36, 'size': 100, 'timestamp': 1614284229700}], 'asks': []}, 'seq': 2071}"
312,"{'symbol': 'IEX', 'messageType': 'book', 'data': {'bids': [{'price': 196.36, 'size': 100, 'timestamp': 1614284229700}], 'asks': []}, 'seq': 2072}"
313,"{'symbol': 'IEX', 'messageType': 'book', 'data': {'bids': [{'price': 196.4, 'size': 100, 'timestamp': 1614284255704}], 'asks': []}, 'seq': 2073}"
314,"{'symbol': 'IEX', 'messageType': 'book', 'data': {'bids': [{'price': 196.4, 'size': 100, 'timestamp': 1614284255704}], 'asks': []}, 'seq': 2074}"
315,"{'symbol': 'IEX', 'messageType': 'book', 'data': {'bids': [{'price': 196.4, 'size': 100, 'timestamp': 1614284255704}], 'asks': []}, 'seq': 2075}"
316,"{'symbol': 'IEX', 'messageType': 'book', 'data': {'bids': [{'price': 196.41, 'size': 100, 'timestamp': 1614284269347}], 'asks': []}, 'seq': 2076}"
317,
318,"{'symbol': 'IEX', 'messageType': 'book', 'data': {'bids': [{'price': 196.32, 'size': 100, 'timestamp': 1614284288716}], 'asks': []}, 'seq': 2077}"
319,"{'symbol': 'IEX', 'messageType': 'book', 'data': {'bids': [{'price': 196.33, 'size': 100, 'timestamp': 1614284290924}], 'asks': []}, 'seq': 2078}"
320,"{'symbol': 'IEX', 'messageType': 'book', 'data': {'bids': [], 'asks': []}, 'seq': 2079}"
321,"{'symbol': 'IEX', 'messageType': 'book', 'data': {'bids': [{'price': 196.32, 'size': 100, 'timestamp': 1614284304745}], 'asks': []}, 'seq': 2080}"
322,"{'symbol': 'IEX', 'messageType': 'book', 'data': {'bids': [{'price': 196.33, 'size': 100, 'timestamp': 1614284308681}], 'asks': []}, 'seq': 2081}"
323,"{'symbol': 'IEX', 'messageType': 'book', 'data': {'bids': [{'price': 196.33, 'size': 100, 'timestamp': 1614284308681}], 'asks': [{'price': 196.67, 'size': 100, 'timestamp': 1614284310679}]}, 'seq': 2082}"
324,"{'symbol': 'IEX', 'messageType': 'book', 'data': {'bids': [], 'asks': [{'price': 196.65, 'size': 100, 'timestamp': 1614284317144}]}, 'seq': 2083}"
325,"{'symbol': 'IEX', 'messageType': 'book', 'data': {'bids': [], 'asks': [{'price': 196.65, 'size': 100, 'timestamp': 1614284317144}]}, 'seq': 2084}"
326,
327,"{'symbol': 'IEX', 'messageType': 'book', 'data': {'bids': [], 'asks': []}, 'seq': 2085}"
328,"{'symbol': 'IEX', 'messageType': 'book', 'data': {'bids': [], 'asks': []}, 'seq': 2086}"
329,"{'symbol': 'IEX', 'messageType': 'book', 'data': {'bids': [], 'asks': []}, 'seq': 2087}"
330,"{'symbol': 'IEX', 'messageType': 'book', 'data': {'bids': [], 'asks': [{'price': 196.58, 'size': 100, 'timestamp': 1614284360260}]}, 'seq': 2088}"
331,"{'symbol': 'IEX', 'messageType': 'book', 'data': {'bids': [], 'asks': []}, 'seq': 2089}"
332,
333,"{'symbol': 'IEX', 'messageType': 'book', 'data': {'bids': [{'price': 196.24, 'size': 100, 'timestamp': 1614284400738}], 'asks': []}, 'seq': 2090}"
334,"{'symbol': 'IEX', 'messageType': 'book', 'data': {'bids': [{'price': 196.33, 'size': 100, 'timestamp': 1614284408591}], 'asks': []}, 'seq': 2091}"
335,"{'symbol': 'IEX', 'messageType': 'book', 'data': {'bids': [{'price': 196.39, 'size': 100, 'timestamp': 1614284416939}], 'asks': []}, 'seq': 2092}"
336,"{'symbol': 'IEX', 'messageType': 'book', 'data': {'bids': [{'price': 196.39, 'size': 100, 'timestamp': 1614284416939}], 'asks': []}, 'seq': 2093}"
337,"{'symbol': 'IEX', 'messageType': 'book', 'data': {'bids': [{'price': 196.39, 'size': 100, 'timestamp': 1614284416939}], 'asks': []}, 'seq': 2094}"
338,"{'symbol': 'IEX', 'messageType': 'book', 'data': {'bids': [{'price': 196.39, 'size': 100, 'timestamp': 1614284416939}], 'asks': []}, 'seq': 2095}"
339,"{'symbol': 'IEX', 'messageType': 'book', 'data': {'bids': [], 'asks': []}, 'seq': 2096}"
340,
341,"{'symbol': 'IEX', 'messageType': 'book', 'data': {'bids': [], 'asks': []}, 'seq': 2097}"
342,"{'symbol': 'IEX', 'messageType': 'book', 'data': {'bids': [], 'asks': []}, 'seq': 2098}"
343,"{'symbol': 'IEX', 'messageType': 'book', 'data': {'bids': [], 'asks': []}, 'seq': 2099}"
344,
345,"{'symbol': 'IEX', 'messageType': 'book', 'data': {'bids': [], 'asks': []}, 'seq': 2100}"
346,"{'symbol': 'IEX', 'messageType': 'book', 'data': {'bids': [{'price': 196.43, 'size': 100, 'timestamp': 1614284532319}], 'asks': []}, 'seq': 2101}"
347,"{'symbol': 'IEX', 'messageType': 'book', 'data': {'bids': [], 'asks': []}, 'seq': 2102}"
348,"{'symbol': 'IEX', 'messageType': 'book', 'data': {'bids': [], 'asks': []}, 'seq': 2103}"
349,"{'symbol': 'IEX', 'messageType': 'book', 'data': {'bids': [], 'asks': []}, 'seq': 2104}"
350,"{'symbol': 'IEX', 'messageType': 'book', 'data': {'bids': [], 'asks': []}, 'seq': 2105}"
351,"{'symbol': 'IEX', 'messageType': 'book', 'data': {'bids': [], 'asks': []}, 'seq': 2106}"
352,
353,"{'symbol': 'IEX', 'messageType': 'book', 'data': {'bids': [], 'asks': []}, 'seq': 2107}"
354,"{'symbol': 'IEX', 'messageType': 'book', 'data': {'bids': [], 'asks': [{'price': 196.55, 'size': 100, 'timestamp': 1614284582080}]}, 'seq': 2108}"
355,"{'symbol': 'IEX', 'messageType': 'book', 'data': {'bids': [], 'asks': []}, 'seq': 2109}"
356,"{'symbol': 'IEX', 'messageType': 'book', 'data': {'bids': [{'price': 196.23, 'size': 100, 'timestamp': 1614284592726}], 'asks': []}, 'seq': 2110}"
357,"{'symbol': 'IEX', 'messageType': 'book', 'data': {'bids': [{'price': 196.23, 'size': 100, 'timestamp': 1614284601073}], 'asks': []}, 'seq': 2111}"
358,"{'symbol': 'IEX', 'messageType': 'book', 'data': {'bids': [{'price': 196.23, 'size': 100, 'timestamp': 1614284604423}], 'asks': []}, 'seq': 2112}"
359,"{'symbol': 'IEX', 'messageType': 'book', 'data': {'bids': [], 'asks': [{'price': 196.53, 'size': 100, 'timestamp': 1614284609273}]}, 'seq': 2113}"
360,"{'symbol': 'IEX', 'messageType': 'book', 'data': {'bids': [], 'asks': [{'price': 196.49, 'size': 100, 'timestamp': 1614284612664}]}, 'seq': 2114}"
361,"{'symbol': 'IEX', 'messageType': 'book', 'data': {'bids': [], 'asks': []}, 'seq': 2115}"
362,"{'symbol': 'IEX', 'messageType': 'book', 'data': {'bids': [], 'asks': []}, 'seq': 2116}"
363,
364,"{'symbol': 'IEX', 'messageType': 'book', 'data': {'bids': [], 'asks': []}, 'seq': 2117}"
365,"{'symbol': 'IEX', 'messageType': 'book', 'data': {'bids': [], 'asks': []}, 'seq': 2118}"
366,"{'symbol': 'IEX', 'messageType': 'book', 'data': {'bids': [], 'asks': []}, 'seq': 2119}"
367,"{'symbol': 'IEX', 'messageType': 'book', 'data': {'bids': [], 'asks': []}, 'seq': 2120}"
368,"{'symbol': 'IEX', 'messageType': 'book', 'data': {'bids': [], 'asks': [{'price': 196.44, 'size': 100, 'timestamp': 1614284688590}]}, 'seq': 2121}"
369,"{'symbol': 'IEX', 'messageType': 'book', 'data': {'bids': [{'price': 196.19, 'size': 100, 'timestamp': 1614284693773}], 'asks': [{'price': 196.44, 'size': 100, 'timestamp': 1614284688590}]}, 'seq': 2122}"
370,
371,"{'symbol': 'IEX', 'messageType': 'book', 'data': {'bids': [{'price': 196.19, 'size': 100, 'timestamp': 1614284693773}], 'asks': [{'price': 196.47, 'size': 100, 'timestamp': 1614284702933}]}, 'seq': 2123}"
372,"{'symbol': 'IEX', 'messageType': 'book', 'data': {'bids': [{'price': 196.19, 'size': 100, 'timestamp': 1614284710357}], 'asks': [{'price': 196.47, 'size': 100, 'timestamp': 1614284702933}]}, 'seq': 2124}"
373,"{'symbol': 'IEX', 'messageType': 'book', 'data': {'bids': [{'price': 196.19, 'size': 100, 'timestamp': 1614284713541}], 'asks': [{'price': 196.47, 'size': 100, 'timestamp': 1614284713154}]}, 'seq': 2125}"
374,"{'symbol': 'IEX', 'messageType': 'book', 'data': {'bids': [{'price': 196.28, 'size': 100, 'timestamp': 1614284720147}], 'asks': []}, 'seq': 2126}"
375,"{'symbol': 'IEX', 'messageType': 'book', 'data': {'bids': [{'price': 196.34, 'size': 100, 'timestamp': 1614284721901}], 'asks': []}, 'seq': 2127}"
376,"{'symbol': 'IEX', 'messageType': 'book', 'data': {'bids': [{'price': 196.38, 'size': 100, 'timestamp': 1614284730045}], 'asks': []}, 'seq': 2128}"
377,"{'symbol': 'IEX', 'messageType': 'book', 'data': {'bids': [{'price': 196.47, 'size': 100, 'timestamp': 1614284735046}, {'price': 196.38, 'size': 100, 'timestamp': 1614284735048}], 'asks': []}, 'seq': 2129}"
378,"{'symbol': 'IEX', 'messageType': 'book', 'data': {'bids': [{'price': 196.47, 'size': 100, 'timestamp': 1614284735046}], 'asks': []}, 'seq': 2130}"
379,"{'symbol': 'IEX', 'messageType': 'book', 'data': {'bids': [{'price': 196.39, 'size': 100, 'timestamp': 1614284740103}], 'asks': []}, 'seq': 2131}"
380,"{'symbol': 'IEX', 'messageType': 'book', 'data': {'bids': [{'price': 196.4, 'size': 100, 'timestamp': 1614284741335}], 'asks': []}, 'seq': 2132}"
381,"{'symbol': 'IEX', 'messageType': 'book', 'data': {'bids': [{'price': 196.4, 'size': 100, 'timestamp': 1614284741335}], 'asks': []}, 'seq': 2133}"
382,"{'symbol': 'IEX', 'messageType': 'book', 'data': {'bids': [], 'asks': []}, 'seq': 2134}"
383,
384,"{'symbol': 'IEX', 'messageType': 'book', 'data': {'bids': [], 'asks': [{'price': 196.63, 'size': 100, 'timestamp': 1614284757718}]}, 'seq': 2135}"
385,"{'symbol': 'IEX', 'messageType': 'book', 'data': {'bids': [], 'asks': [{'price': 196.63, 'size': 100, 'timestamp': 1614284764208}]}, 'seq': 2136}"
386,"{'symbol': 'IEX', 'messageType': 'book', 'data': {'bids': [], 'asks': [{'price': 196.7, 'size': 100, 'timestamp': 1614284773566}]}, 'seq': 2137}"
387,"{'symbol': 'IEX', 'messageType': 'book', 'data': {'bids': [{'price': 196.34, 'size': 100, 'timestamp': 1614284775063}], 'asks': [{'price': 196.72, 'size': 100, 'timestamp': 1614284776705}]}, 'seq': 2138}"
388,"{'symbol': 'IEX', 'messageType': 'book', 'data': {'bids': [{'price': 196.34, 'size': 100, 'timestamp': 1614284775063}], 'asks': []}, 'seq': 2139}"
389,"{'symbol': 'IEX', 'messageType': 'book', 'data': {'bids': [{'price': 196.35, 'size': 100, 'timestamp': 1614284783553}], 'asks': []}, 'seq': 2140}"
390,"{'symbol': 'IEX', 'messageType': 'book', 'data': {'bids': [{'price': 196.35, 'size': 100, 'timestamp': 1614284783553}], 'asks': []}, 'seq': 2141}"
391,"{'symbol': 'IEX', 'messageType': 'book', 'data': {'bids': [{'price': 196.35, 'size': 100, 'timestamp': 1614284783553}], 'asks': [{'price': 196.72, 'size': 100, 'timestamp': 1614284791738}]}, 'seq': 2142}"
392,"{'symbol': 'IEX', 'messageType': 'book', 'data': {'bids': [{'price': 196.35, 'size': 100, 'timestamp': 1614284783553}], 'asks': []}, 'seq': 2143}"
393,"{'symbol': 'IEX', 'messageType': 'book', 'data': {'bids': [], 'asks': []}, 'seq': 2144}"
394,
395,"{'symbol': 'IEX', 'messageType': 'book', 'data': {'bids': [], 'asks': []}, 'seq': 2145}"
396,"{'symbol': 'IEX', 'messageType': 'book', 'data': {'bids': [{'price': 196.25, 'size': 100, 'timestamp': 1614284823813}], 'asks': []}, 'seq': 2146}"
397,"{'symbol': 'IEX', 'messageType': 'book', 'data': {'bids': [], 'asks': []}, 'seq': 2147}"
398,"{'symbol': 'IEX', 'messageType': 'book', 'data': {'bids': [{'price': 196.25, 'size': 100, 'timestamp': 1614284862764}], 'asks': []}, 'seq': 2148}"
399,"{'symbol': 'IEX', 'messageType': 'book', 'data': {'bids': [{'price': 196.25, 'size': 100, 'timestamp': 1614284862764}], 'asks': []}, 'seq': 2149}"
400,"{'symbol': 'IEX', 'messageType': 'book', 'data': {'bids': [{'price': 196.25, 'size': 100, 'timestamp': 1614284872167}], 'asks': []}, 'seq': 2150}"
401,"{'symbol': 'IEX', 'messageType': 'book', 'data': {'bids': [{'price': 196.25, 'size': 100, 'timestamp': 1614284872167}], 'asks': [{'price': 196.64, 'size': 100, 'timestamp': 1614284874866}]}, 'seq': 2151}"
402,
403,"{'symbol': 'IEX', 'messageType': 'book', 'data': {'bids': [{'price': 196.35, 'size': 100, 'timestamp': 1614284878612}], 'asks': []}, 'seq': 2152}"
404,"{'symbol': 'IEX', 'messageType': 'book', 'data': {'bids': [], 'asks': []}, 'seq': 2153}"
405,"{'symbol': 'IEX', 'messageType': 'book', 'data': {'bids': [], 'asks': [{'price': 196.64, 'size': 100, 'timestamp': 1614284895704}]}, 'seq': 2154}"
406,"{'symbol': 'IEX', 'messageType': 'book', 'data': {'bids': [], 'asks': [{'price': 196.64, 'size': 100, 'timestamp': 1614284898651}]}, 'seq': 2155}"
407,"{'symbol': 'IEX', 'messageType': 'book', 'data': {'bids': [], 'asks': []}, 'seq': 2156}"
408,"{'symbol': 'IEX', 'messageType': 'book', 'data': {'bids': [], 'asks': [{'price': 196.64, 'size': 100, 'timestamp': 1614284908514}]}, 'seq': 2157}"
409,"{'symbol': 'IEX', 'messageType': 'book', 'data': {'bids': [], 'asks': []}, 'seq': 2158}"
410,"{'symbol': 'IEX', 'messageType': 'book', 'data': {'bids': [{'price': 196.25, 'size': 100, 'timestamp': 1614284916850}], 'asks': [{'price': 196.59, 'size': 100, 'timestamp': 1614284916846}]}, 'seq': 2159}"
411,"{'symbol': 'IEX', 'messageType': 'book', 'data': {'bids': [{'price': 196.25, 'size': 100, 'timestamp': 1614284916850}], 'asks': [{'price': 196.58, 'size': 100, 'timestamp': 1614284919026}]}, 'seq': 2160}"
412,"{'symbol': 'IEX', 'messageType': 'book', 'data': {'bids': [{'price': 196.25, 'size': 100, 'timestamp': 1614284921901}], 'asks': [{'price': 196.58, 'size': 100, 'timestamp': 1614284919026}]}, 'seq': 2161}"
413,"{'symbol': 'IEX', 'messageType': 'book', 'data': {'bids': [], 'asks': [{'price': 196.57, 'size': 100, 'timestamp': 1614284925767}]}, 'seq': 2162}"
414,"{'symbol': 'IEX', 'messageType': 'book', 'data': {'bids': [], 'asks': []}, 'seq': 2163}"
415,"{'symbol': 'IEX', 'messageType': 'book', 'data': {'bids': [], 'asks': [{'price': 196.56, 'size': 100, 'timestamp': 1614284933538}]}, 'seq': 2164}"
416,
417,"{'symbol': 'IEX', 'messageType': 'book', 'data': {'bids': [], 'asks': []}, 'seq': 2165}"
418,"{'symbol': 'IEX', 'messageType': 'book', 'data': {'bids': [], 'asks': []}, 'seq': 2166}"
419,"{'symbol': 'IEX', 'messageType': 'book', 'data': {'bids': [{'price': 196.25, 'size': 100, 'timestamp': 1614284968301}], 'asks': []}, 'seq': 2167}"
420,"{'symbol': 'IEX', 'messageType': 'book', 'data': {'bids': [{'price': 196.25, 'size': 100, 'timestamp': 1614284971233}], 'asks': []}, 'seq': 2168}"
421,"{'symbol': 'IEX', 'messageType': 'book', 'data': {'bids': [{'price': 196.25, 'size': 100, 'timestamp': 1614284977437}], 'asks': []}, 'seq': 2169}"
422,"{'symbol': 'IEX', 'messageType': 'book', 'data': {'bids': [{'price': 196.25, 'size': 100, 'timestamp': 1614284977437}], 'asks': [{'price': 196.59, 'size': 100, 'timestamp': 1614284980162}]}, 'seq': 2170}"
423,"{'symbol': 'IEX', 'messageType': 'book', 'data': {'bids': [{'price': 196.25, 'size': 100, 'timestamp': 1614284984037}], 'asks': [{'price': 196.59, 'size': 100, 'timestamp': 1614284984038}]}, 'seq': 2171}"
424,"{'symbol': 'IEX', 'messageType': 'book', 'data': {'bids': [], 'asks': [{'price': 196.59, 'size': 100, 'timestamp': 1614284993142}]}, 'seq': 2172}"
425,
426,"{'symbol': 'IEX', 'messageType': 'book', 'data': {'bids': [{'price': 196.25, 'size': 100, 'timestamp': 1614285002162}], 'asks': [{'price': 196.57, 'size': 100, 'timestamp': 1614285000785}]}, 'seq': 2173}"
427,"{'symbol': 'IEX', 'messageType': 'book', 'data': {'bids': [], 'asks': [{'price': 196.55, 'size': 100, 'timestamp': 1614285007579}]}, 'seq': 2174}"
428,"{'symbol': 'IEX', 'messageType': 'book', 'data': {'bids': [], 'asks': []}, 'seq': 2175}"
429,"{'symbol': 'IEX', 'messageType': 'book', 'data': {'bids': [{'price': 196.27, 'size': 100, 'timestamp': 1614285016615}], 'asks': []}, 'seq': 2176}"
430,"{'symbol': 'IEX', 'messageType': 'book', 'data': {'bids': [], 'asks': []}, 'seq': 2177}"
431,"{'symbol': 'IEX', 'messageType': 'book', 'data': {'bids': [{'price': 196.47, 'size': 100, 'timestamp': 1614285026411}], 'asks': []}, 'seq': 2178}"
432,"{'symbol': 'IEX', 'messageType': 'book', 'data': {'bids': [], 'asks': []}, 'seq': 2179}"
433,"{'symbol': 'IEX', 'messageType': 'book', 'data': {'bids': [], 'asks': [{'price': 196.71, 'size': 100, 'timestamp': 1614285035627}]}, 'seq': 2180}"
434,"{'symbol': 'IEX', 'messageType': 'book', 'data': {'bids': [], 'asks': [{'price': 196.7, 'size': 100, 'timestamp': 1614285037090}]}, 'seq': 2181}"
435,"{'symbol': 'IEX', 'messageType': 'book', 'data': {'bids': [{'price': 196.23, 'size': 100, 'timestamp': 1614285040071}], 'asks': [{'price': 196.59, 'size': 100, 'timestamp': 1614285039054}]}, 'seq': 2182}"
436,"{'symbol': 'IEX', 'messageType': 'book', 'data': {'bids': [], 'asks': [{'price': 196.59, 'size': 100, 'timestamp': 1614285039054}]}, 'seq': 2183}"
437,"{'symbol': 'IEX', 'messageType': 'book', 'data': {'bids': [{'price': 196.27, 'size': 100, 'timestamp': 1614285048553}], 'asks': [{'price': 196.59, 'size': 100, 'timestamp': 1614285039054}]}, 'seq': 2184}"
438,"{'symbol': 'IEX', 'messageType': 'book', 'data': {'bids': [{'price': 196.27, 'size': 100, 'timestamp': 1614285048553}], 'asks': [{'price': 196.58, 'size': 100, 'timestamp': 1614285051129}]}, 'seq': 2185}"
439,
440,"{'symbol': 'IEX', 'messageType': 'book', 'data': {'bids': [], 'asks': [{'price': 196.41, 'size': 100, 'timestamp': 1614285062935}]}, 'seq': 2186}"
441,"{'symbol': 'IEX', 'messageType': 'book', 'data': {'bids': [], 'asks': [{'price': 196.33, 'size': 100, 'timestamp': 1614285068288}]}, 'seq': 2187}"
442,"{'symbol': 'IEX', 'messageType': 'book', 'data': {'bids': [], 'asks': [{'price': 196.31, 'size': 100, 'timestamp': 1614285072854}]}, 'seq': 2188}"
443,"{'symbol': 'IEX', 'messageType': 'book', 'data': {'bids': [], 'asks': [{'price': 196.24, 'size': 100, 'timestamp': 1614285073854}]}, 'seq': 2189}"
444,"{'symbol': 'IEX', 'messageType': 'book', 'data': {'bids': [{'price': 196.03, 'size': 100, 'timestamp': 1614285078323}], 'asks': [{'price': 196.24, 'size': 100, 'timestamp': 1614285073854}]}, 'seq': 2190}"
445,"{'symbol': 'IEX', 'messageType': 'book', 'data': {'bids': [], 'asks': [{'price': 196.24, 'size': 100, 'timestamp': 1614285073854}]}, 'seq': 2191}"
446,
447,"{'symbol': 'IEX', 'messageType': 'book', 'data': {'bids': [{'price': 196.03, 'size': 100, 'timestamp': 1614285119245}], 'asks': [{'price': 196.24, 'size': 100, 'timestamp': 1614285073854}]}, 'seq': 2192}"
448,"{'symbol': 'IEX', 'messageType': 'book', 'data': {'bids': [{'price': 196.03, 'size': 100, 'timestamp': 1614285119245}], 'asks': []}, 'seq': 2193}"
449,"{'symbol': 'IEX', 'messageType': 'book', 'data': {'bids': [{'price': 196.03, 'size': 100, 'timestamp': 1614285119245}], 'asks': []}, 'seq': 2194}"
450,"{'symbol': 'IEX', 'messageType': 'book', 'data': {'bids': [{'price': 196.03, 'size': 100, 'timestamp': 1614285119245}], 'asks': [{'price': 196.33, 'size': 100, 'timestamp': 1614285143028}]}, 'seq': 2195}"
451,"{'symbol': 'IEX', 'messageType': 'book', 'data': {'bids': [], 'asks': [{'price': 196.33, 'size': 100, 'timestamp': 1614285143028}]}, 'seq': 2196}"
452,"{'symbol': 'IEX', 'messageType': 'book', 'data': {'bids': [], 'asks': []}, 'seq': 2197}"
453,"{'symbol': 'IEX', 'messageType': 'book', 'data': {'bids': [], 'asks': [{'price': 196.27, 'size': 100, 'timestamp': 1614285161621}]}, 'seq': 2198}"
454,
455,"{'symbol': 'IEX', 'messageType': 'book', 'data': {'bids': [], 'asks': []}, 'seq': 2199}"
456,"{'symbol': 'IEX', 'messageType': 'book', 'data': {'bids': [{'price': 196.03, 'size': 100, 'timestamp': 1614285184428}], 'asks': []}, 'seq': 2200}"
457,"{'symbol': 'IEX', 'messageType': 'book', 'data': {'bids': [{'price': 196.03, 'size': 100, 'timestamp': 1614285184428}], 'asks': [{'price': 196.33, 'size': 100, 'timestamp': 1614285186287}]}, 'seq': 2201}"
458,"{'symbol': 'IEX', 'messageType': 'book', 'data': {'bids': [{'price': 196.03, 'size': 100, 'timestamp': 1614285184428}], 'asks': []}, 'seq': 2202}"
459,"{'symbol': 'IEX', 'messageType': 'book', 'data': {'bids': [{'price': 196.03, 'size': 100, 'timestamp': 1614285184428}], 'asks': []}, 'seq': 2203}"
460,"{'symbol': 'IEX', 'messageType': 'book', 'data': {'bids': [{'price': 196.03, 'size': 100, 'timestamp': 1614285184428}], 'asks': []}, 'seq': 2204}"
461,"{'symbol': 'IEX', 'messageType': 'book', 'data': {'bids': [{'price': 196.03, 'size': 100, 'timestamp': 1614285184428}], 'asks': [{'price': 196.33, 'size': 100, 'timestamp': 1614285195686}]}, 'seq': 2205}"
462,"{'symbol': 'IEX', 'messageType': 'book', 'data': {'bids': [], 'asks': []}, 'seq': 2206}"
463,"{'symbol': 'IEX', 'messageType': 'book', 'data': {'bids': [{'price': 196.03, 'size': 100, 'timestamp': 1614285207600}], 'asks': [{'price': 196.33, 'size': 100, 'timestamp': 1614285207601}]}, 'seq': 2207}"
464,"{'symbol': 'IEX', 'messageType': 'book', 'data': {'bids': [{'price': 196.03, 'size': 100, 'timestamp': 1614285207600}], 'asks': [{'price': 196.33, 'size': 100, 'timestamp': 1614285213080}]}, 'seq': 2208}"
465,"{'symbol': 'IEX', 'messageType': 'book', 'data': {'bids': [{'price': 196.03, 'size': 100, 'timestamp': 1614285207600}], 'asks': [{'price': 196.33, 'size': 100, 'timestamp': 1614285215844}]}, 'seq': 2209}"
466,"{'symbol': 'IEX', 'messageType': 'book', 'data': {'bids': [{'price': 196.03, 'size': 100, 'timestamp': 1614285207600}], 'asks': [{'price': 196.33, 'size': 100, 'timestamp': 1614285219815}]}, 'seq': 2210}"
467,"{'symbol': 'IEX', 'messageType': 'book', 'data': {'bids': [{'price': 196.03, 'size': 100, 'timestamp': 1614285207600}], 'asks': [{'price': 196.33, 'size': 100, 'timestamp': 1614285223006}]}, 'seq': 2211}"
468,"{'symbol': 'IEX', 'messageType': 'book', 'data': {'bids': [{'price': 196.03, 'size': 100, 'timestamp': 1614285207600}], 'asks': []}, 'seq': 2212}"
469,"{'symbol': 'IEX', 'messageType': 'book', 'data': {'bids': [{'price': 196.11, 'size': 100, 'timestamp': 1614285225216}], 'asks': []}, 'seq': 2213}"
470,"{'symbol': 'IEX', 'messageType': 'book', 'data': {'bids': [], 'asks': []}, 'seq': 2214}"
471,
472,"{'symbol': 'IEX', 'messageType': 'book', 'data': {'bids': [], 'asks': [{'price': 196.36, 'size': 100, 'timestamp': 1614285242318}]}, 'seq': 2215}"
473,"{'symbol': 'IEX', 'messageType': 'book', 'data': {'bids': [], 'asks': []}, 'seq': 2216}"
474,"{'symbol': 'IEX', 'messageType': 'book', 'data': {'bids': [], 'asks': [{'price': 196.36, 'size': 100, 'timestamp': 1614285251955}]}, 'seq': 2217}"
475,"{'symbol': 'IEX', 'messageType': 'book', 'data': {'bids': [], 'asks': [{'price': 196.36, 'size': 100, 'timestamp': 1614285259664}]}, 'seq': 2218}"
476,"{'symbol': 'IEX', 'messageType': 'book', 'data': {'bids': [], 'asks': [{'price': 196.35, 'size': 100, 'timestamp': 1614285264337}]}, 'seq': 2219}"
477,"{'symbol': 'IEX', 'messageType': 'book', 'data': {'bids': [], 'asks': []}, 'seq': 2220}"
478,"{'symbol': 'IEX', 'messageType': 'book', 'data': {'bids': [], 'asks': [{'price': 196.36, 'size': 100, 'timestamp': 1614285274756}]}, 'seq': 2221}"
479,"{'symbol': 'IEX', 'messageType': 'book', 'data': {'bids': [], 'asks': []}, 'seq': 2222}"
480,"{'symbol': 'IEX', 'messageType': 'book', 'data': {'bids': [{'price': 196.18, 'size': 100, 'timestamp': 1614285284148}], 'asks': []}, 'seq': 2223}"
481,"{'symbol': 'IEX', 'messageType': 'book', 'data': {'bids': [{'price': 196.12, 'size': 100, 'timestamp': 1614285287888}], 'asks': []}, 'seq': 2224}"
482,"{'symbol': 'IEX', 'messageType': 'book', 'data': {'bids': [], 'asks': []}, 'seq': 2225}"
483,
484,"{'symbol': 'IEX', 'messageType': 'book', 'data': {'bids': [{'price': 196.04, 'size': 100, 'timestamp': 1614285300061}], 'asks': [{'price': 196.31, 'size': 100, 'timestamp': 1614285300060}]}, 'seq': 2226}"
485,"{'symbol': 'IEX', 'messageType': 'book', 'data': {'bids': [{'price': 196.05, 'size': 100, 'timestamp': 1614285300067}], 'asks': [{'price': 196.29, 'size': 100, 'timestamp': 1614285300067}]}, 'seq': 2227}"
486,"{'symbol': 'IEX', 'messageType': 'book', 'data': {'bids': [{'price': 195.95, 'size': 100, 'timestamp': 1614285304133}, {'price': 195.94, 'size': 100, 'timestamp': 1614285304122}], 'asks': [{'price': 196.28, 'size': 100, 'timestamp': 1614285302879}]}, 'seq': 2228}"
487,"{'symbol': 'IEX', 'messageType': 'book', 'data': {'bids': [{'price': 195.95, 'size': 100, 'timestamp': 1614285305677}, {'price': 195.94, 'size': 100, 'timestamp': 1614285304122}], 'asks': [{'price': 196.28, 'size': 100, 'timestamp': 1614285302879}]}, 'seq': 2229}"
488,"{'symbol': 'IEX', 'messageType': 'book', 'data': {'bids': [{'price': 195.95, 'size': 100, 'timestamp': 1614285307897}, {'price': 195.94, 'size': 100, 'timestamp': 1614285304122}], 'asks': [{'price': 196.28, 'size': 100, 'timestamp': 1614285302879}]}, 'seq': 2230}"
489,"{'symbol': 'IEX', 'messageType': 'book', 'data': {'bids': [{'price': 195.94, 'size': 100, 'timestamp': 1614285304122}], 'asks': [{'price': 196.28, 'size': 100, 'timestamp': 1614285302879}]}, 'seq': 2231}"
490,"{'symbol': 'IEX', 'messageType': 'book', 'data': {'bids': [{'price': 195.94, 'size': 100, 'timestamp': 1614285304122}], 'asks': []}, 'seq': 2232}"
491,"{'symbol': 'IEX', 'messageType': 'book', 'data': {'bids': [{'price': 195.95, 'size': 100, 'timestamp': 1614285321298}, {'price': 195.94, 'size': 100, 'timestamp': 1614285304122}], 'asks': [{'price': 196.29, 'size': 100, 'timestamp': 1614285321296}]}, 'seq': 2233}"
492,"{'symbol': 'IEX', 'messageType': 'book', 'data': {'bids': [{'price': 195.95, 'size': 100, 'timestamp': 1614285327246}, {'price': 195.94, 'size': 100, 'timestamp': 1614285304122}], 'asks': [{'price': 196.28, 'size': 100, 'timestamp': 1614285329023}]}, 'seq': 2234}"
493,"{'symbol': 'IEX', 'messageType': 'book', 'data': {'bids': [{'price': 195.94, 'size': 100, 'timestamp': 1614285304122}], 'asks': [{'price': 196.28, 'size': 100, 'timestamp': 1614285329023}]}, 'seq': 2235}"
494,"{'symbol': 'IEX', 'messageType': 'book', 'data': {'bids': [], 'asks': [{'price': 196.22, 'size': 100, 'timestamp': 1614285341150}]}, 'seq': 2236}"
495,"{'symbol': 'IEX', 'messageType': 'book', 'data': {'bids': [], 'asks': [{'price': 196.22, 'size': 100, 'timestamp': 1614285341150}]}, 'seq': 2237}"
496,"{'symbol': 'IEX', 'messageType': 'book', 'data': {'bids': [], 'asks': [{'price': 196.22, 'size': 100, 'timestamp': 1614285341150}]}, 'seq': 2238}"
497,
498,"{'symbol': 'IEX', 'messageType': 'book', 'data': {'bids': [], 'asks': [{'price': 196.27, 'size': 100, 'timestamp': 1614285357966}]}, 'seq': 2239}"
499,"{'symbol': 'IEX', 'messageType': 'book', 'data': {'bids': [], 'asks': [{'price': 196.26, 'size': 100, 'timestamp': 1614285361437}, {'price': 196.27, 'size': 100, 'timestamp': 1614285357966}]}, 'seq': 2240}"
500,"{'symbol': 'IEX', 'messageType': 'book', 'data': {'bids': [], 'asks': [{'price': 196.25, 'size': 100, 'timestamp': 1614285368273}]}, 'seq': 2241}"
501,"{'symbol': 'IEX', 'messageType': 'book', 'data': {'bids': [], 'asks': []}, 'seq': 2242}"
502,"{'symbol': 'IEX', 'messageType': 'book', 'data': {'bids': [], 'asks': [{'price': 196.21, 'size': 100, 'timestamp': 1614285376822}]}, 'seq': 2243}"
503,"{'symbol': 'IEX', 'messageType': 'book', 'data': {'bids': [], 'asks': []}, 'seq': 2244}"
504,"{'symbol': 'IEX', 'messageType': 'book', 'data': {'bids': [], 'asks': [{'price': 196.21, 'size': 100, 'timestamp': 1614285382863}]}, 'seq': 2245}"
505,"{'symbol': 'IEX', 'messageType': 'book', 'data': {'bids': [], 'asks': []}, 'seq': 2246}"
506,"{'symbol': 'IEX', 'messageType': 'book', 'data': {'bids': [{'price': 195.73, 'size': 100, 'timestamp': 1614285397513}], 'asks': [{'price': 196.12, 'size': 100, 'timestamp': 1614285397309}]}, 'seq': 2247}"
507,"{'symbol': 'IEX', 'messageType': 'book', 'data': {'bids': [], 'asks': [{'price': 196.12, 'size': 100, 'timestamp': 1614285397309}]}, 'seq': 2248}"
508,"{'symbol': 'IEX', 'messageType': 'book', 'data': {'bids': [], 'asks': []}, 'seq': 2249}"
509,"{'symbol': 'IEX', 'messageType': 'book', 'data': {'bids': [], 'asks': []}, 'seq': 2250}"
510,
511,"{'symbol': 'IEX', 'messageType': 'book', 'data': {'bids': [{'price': 195.8, 'size': 100, 'timestamp': 1614285422017}], 'asks': []}, 'seq': 2251}"
512,"{'symbol': 'IEX', 'messageType': 'book', 'data': {'bids': [{'price': 195.8, 'size': 100, 'timestamp': 1614285422017}], 'asks': []}, 'seq': 2252}"
513,"{'symbol': 'IEX', 'messageType': 'book', 'data': {'bids': [], 'asks': []}, 'seq': 2253}"
514,
515,"{'symbol': 'IEX', 'messageType': 'book', 'data': {'bids': [], 'asks': [{'price': 196.08, 'size': 100, 'timestamp': 1614285514444}]}, 'seq': 2254}"
516,"{'symbol': 'IEX', 'messageType': 'book', 'data': {'bids': [{'price': 195.87, 'size': 100, 'timestamp': 1614285518928}], 'asks': [{'price': 196.08, 'size': 100, 'timestamp': 1614285514444}]}, 'seq': 2255}"
517,"{'symbol': 'IEX', 'messageType': 'book', 'data': {'bids': [{'price': 195.97, 'size': 100, 'timestamp': 1614285529176}], 'asks': []}, 'seq': 2256}"
518,"{'symbol': 'IEX', 'messageType': 'book', 'data': {'bids': [], 'asks': [{'price': 196.16, 'size': 100, 'timestamp': 1614285530635}]}, 'seq': 2257}"
519,"{'symbol': 'IEX', 'messageType': 'book', 'data': {'bids': [{'price': 195.97, 'size': 100, 'timestamp': 1614285533534}], 'asks': []}, 'seq': 2258}"
520,
521,"{'symbol': 'IEX', 'messageType': 'book', 'data': {'bids': [{'price': 195.98, 'size': 100, 'timestamp': 1614285545226}], 'asks': []}, 'seq': 2259}"
522,"{'symbol': 'IEX', 'messageType': 'book', 'data': {'bids': [{'price': 195.96, 'size': 100, 'timestamp': 1614285546255}], 'asks': [{'price': 196.19, 'size': 100, 'timestamp': 1614285546255}]}, 'seq': 2260}"
523,"{'symbol': 'IEX', 'messageType': 'book', 'data': {'bids': [{'price': 195.96, 'size': 100, 'timestamp': 1614285546255}], 'asks': [{'price': 196.19, 'size': 100, 'timestamp': 1614285546255}]}, 'seq': 2261}"
524,"{'symbol': 'IEX', 'messageType': 'book', 'data': {'bids': [], 'asks': []}, 'seq': 2262}"
525,"{'symbol': 'IEX', 'messageType': 'book', 'data': {'bids': [], 'asks': []}, 'seq': 2263}"
526,"{'symbol': 'IEX', 'messageType': 'book', 'data': {'bids': [{'price': 196.2, 'size': 100, 'timestamp': 1614285572523}], 'asks': []}, 'seq': 2264}"
527,"{'symbol': 'IEX', 'messageType': 'book', 'data': {'bids': [{'price': 196.2, 'size': 100, 'timestamp': 1614285572523}], 'asks': []}, 'seq': 2265}"
528,"{'symbol': 'IEX', 'messageType': 'book', 'data': {'bids': [{'price': 196.27, 'size': 100, 'timestamp': 1614285589059}, {'price': 196.2, 'size': 100, 'timestamp': 1614285572523}], 'asks': []}, 'seq': 2266}"
529,"{'symbol': 'IEX', 'messageType': 'book', 'data': {'bids': [{'price': 196.2, 'size': 100, 'timestamp': 1614285572523}], 'asks': []}, 'seq': 2267}"
530,"{'symbol': 'IEX', 'messageType': 'book', 'data': {'bids': [{'price': 196.27, 'size': 100, 'timestamp': 1614285593083}, {'price': 196.2, 'size': 100, 'timestamp': 1614285572523}], 'asks': []}, 'seq': 2268}"
531,
532,"{'symbol': 'IEX', 'messageType': 'book', 'data': {'bids': [{'price': 196.2, 'size': 100, 'timestamp': 1614285572523}], 'asks': []}, 'seq': 2269}"
533,"{'symbol': 'IEX', 'messageType': 'book', 'data': {'bids': [{'price': 196.2, 'size': 100, 'timestamp': 1614285572523}], 'asks': []}, 'seq': 2270}"
534,"{'symbol': 'IEX', 'messageType': 'book', 'data': {'bids': [], 'asks': []}, 'seq': 2271}"
535,"{'symbol': 'IEX', 'messageType': 'book', 'data': {'bids': [{'price': 196.11, 'size': 100, 'timestamp': 1614285612339}], 'asks': []}, 'seq': 2272}"
536,"{'symbol': 'IEX', 'messageType': 'book', 'data': {'bids': [{'price': 196.11, 'size': 100, 'timestamp': 1614285617137}], 'asks': []}, 'seq': 2273}"
537,"{'symbol': 'IEX', 'messageType': 'book', 'data': {'bids': [], 'asks': []}, 'seq': 2274}"
538,"{'symbol': 'IEX', 'messageType': 'book', 'data': {'bids': [], 'asks': []}, 'seq': 2275}"
539,"{'symbol': 'IEX', 'messageType': 'book', 'data': {'bids': [], 'asks': [{'price': 196.5, 'size': 100, 'timestamp': 1614285625940}]}, 'seq': 2276}"
540,"{'symbol': 'IEX', 'messageType': 'book', 'data': {'bids': [], 'asks': []}, 'seq': 2277}"
541,"{'symbol': 'IEX', 'messageType': 'book', 'data': {'bids': [], 'asks': []}, 'seq': 2278}"
542,"{'symbol': 'IEX', 'messageType': 'book', 'data': {'bids': [{'price': 196.11, 'size': 100, 'timestamp': 1614285650238}], 'asks': []}, 'seq': 2279}"
543,"{'symbol': 'IEX', 'messageType': 'book', 'data': {'bids': [{'price': 196.11, 'size': 100, 'timestamp': 1614285652491}], 'asks': []}, 'seq': 2280}"
544,"{'symbol': 'IEX', 'messageType': 'book', 'data': {'bids': [], 'asks': []}, 'seq': 2281}"
545,
546,"{'symbol': 'IEX', 'messageType': 'book', 'data': {'bids': [], 'asks': []}, 'seq': 2282}"
547,
548,"{'symbol': 'IEX', 'messageType': 'book', 'data': {'bids': [{'price': 196.21, 'size': 100, 'timestamp': 1614285729213}], 'asks': []}, 'seq': 2283}"
549,"{'symbol': 'IEX', 'messageType': 'book', 'data': {'bids': [{'price': 196.22, 'size': 100, 'timestamp': 1614285730801}], 'asks': []}, 'seq': 2284}"
550,"{'symbol': 'IEX', 'messageType': 'book', 'data': {'bids': [{'price': 196.22, 'size': 100, 'timestamp': 1614285730801}], 'asks': []}, 'seq': 2285}"
551,"{'symbol': 'IEX', 'messageType': 'book', 'data': {'bids': [{'price': 196.22, 'size': 100, 'timestamp': 1614285730801}], 'asks': []}, 'seq': 2286}"
552,"{'symbol': 'IEX', 'messageType': 'book', 'data': {'bids': [{'price': 196.22, 'size': 100, 'timestamp': 1614285730801}], 'asks': []}, 'seq': 2287}"
553,"{'symbol': 'IEX', 'messageType': 'book', 'data': {'bids': [{'price': 196.22, 'size': 100, 'timestamp': 1614285730801}], 'asks': []}, 'seq': 2288}"
554,"{'symbol': 'IEX', 'messageType': 'book', 'data': {'bids': [{'price': 196.25, 'size': 100, 'timestamp': 1614285750380}], 'asks': []}, 'seq': 2289}"
555,"{'symbol': 'IEX', 'messageType': 'book', 'data': {'bids': [{'price': 196.25, 'size': 100, 'timestamp': 1614285750380}], 'asks': []}, 'seq': 2290}"
556,"{'symbol': 'IEX', 'messageType': 'book', 'data': {'bids': [], 'asks': []}, 'seq': 2291}"
557,
558,"{'symbol': 'IEX', 'messageType': 'book', 'data': {'bids': [{'price': 196.31, 'size': 100, 'timestamp': 1614285786899}], 'asks': []}, 'seq': 2292}"
559,"{'symbol': 'IEX', 'messageType': 'book', 'data': {'bids': [{'price': 196.31, 'size': 100, 'timestamp': 1614285786899}], 'asks': []}, 'seq': 2293}"
560,"{'symbol': 'IEX', 'messageType': 'book', 'data': {'bids': [{'price': 196.43, 'size': 100, 'timestamp': 1614285797643}], 'asks': []}, 'seq': 2294}"
561,"{'symbol': 'IEX', 'messageType': 'book', 'data': {'bids': [{'price': 196.47, 'size': 100, 'timestamp': 1614285800046}], 'asks': []}, 'seq': 2295}"
562,"{'symbol': 'IEX', 'messageType': 'book', 'data': {'bids': [{'price': 196.47, 'size': 100, 'timestamp': 1614285800046}], 'asks': []}, 'seq': 2296}"
563,"{'symbol': 'IEX', 'messageType': 'book', 'data': {'bids': [], 'asks': []}, 'seq': 2297}"
564,"{'symbol': 'IEX', 'messageType': 'book', 'data': {'bids': [{'price': 196.59, 'size': 100, 'timestamp': 1614285810335}], 'asks': []}, 'seq': 2298}"
565,"{'symbol': 'IEX', 'messageType': 'book', 'data': {'bids': [{'price': 196.61, 'size': 100, 'timestamp': 1614285813555}], 'asks': []}, 'seq': 2299}"
566,"{'symbol': 'IEX', 'messageType': 'book', 'data': {'bids': [], 'asks': []}, 'seq': 2300}"
567,"{'symbol': 'IEX', 'messageType': 'book', 'data': {'bids': [{'price': 196.65, 'size': 100, 'timestamp': 1614285833206}], 'asks': []}, 'seq': 2301}"
568,"{'symbol': 'IEX', 'messageType': 'book', 'data': {'bids': [], 'asks': [{'price': 196.81, 'size': 100, 'timestamp': 1614285836275}]}, 'seq': 2302}"
569,
570,"{'symbol': 'IEX', 'messageType': 'book', 'data': {'bids': [], 'asks': [{'price': 196.66, 'size': 100, 'timestamp': 1614285841439}, {'price': 196.81, 'size': 100, 'timestamp': 1614285841478}]}, 'seq': 2303}"
571,"{'symbol': 'IEX', 'messageType': 'book', 'data': {'bids': [{'price': 196.46, 'size': 100, 'timestamp': 1614285848005}], 'asks': [{'price': 196.66, 'size': 100, 'timestamp': 1614285841439}]}, 'seq': 2304}"
572,"{'symbol': 'IEX', 'messageType': 'book', 'data': {'bids': [{'price': 196.46, 'size': 100, 'timestamp': 1614285850612}], 'asks': [{'price': 196.66, 'size': 100, 'timestamp': 1614285841439}]}, 'seq': 2305}"
573,"{'symbol': 'IEX', 'messageType': 'book', 'data': {'bids': [{'price': 196.46, 'size': 100, 'timestamp': 1614285850612}], 'asks': []}, 'seq': 2306}"
574,"{'symbol': 'IEX', 'messageType': 'book', 'data': {'bids': [{'price': 196.48, 'size': 100, 'timestamp': 1614285852174}], 'asks': []}, 'seq': 2307}"
575,"{'symbol': 'IEX', 'messageType': 'book', 'data': {'bids': [], 'asks': []}, 'seq': 2308}"
576,"{'symbol': 'IEX', 'messageType': 'book', 'data': {'bids': [], 'asks': []}, 'seq': 2309}"
577,"{'symbol': 'IEX', 'messageType': 'book', 'data': {'bids': [], 'asks': []}, 'seq': 2310}"
578,"{'symbol': 'IEX', 'messageType': 'book', 'data': {'bids': [{'price': 196.41, 'size': 100, 'timestamp': 1614285875046}], 'asks': []}, 'seq': 2311}"
579,"{'symbol': 'IEX', 'messageType': 'book', 'data': {'bids': [], 'asks': []}, 'seq': 2312}"
580,"{'symbol': 'IEX', 'messageType': 'book', 'data': {'bids': [], 'asks': []}, 'seq': 2313}"
581,"{'symbol': 'IEX', 'messageType': 'book', 'data': {'bids': [{'price': 196.51, 'size': 100, 'timestamp': 1614285883048}], 'asks': []}, 'seq': 2314}"
582,"{'symbol': 'IEX', 'messageType': 'book', 'data': {'bids': [], 'asks': []}, 'seq': 2315}"
583,"{'symbol': 'IEX', 'messageType': 'book', 'data': {'bids': [], 'asks': []}, 'seq': 2316}"
584,"{'symbol': 'IEX', 'messageType': 'book', 'data': {'bids': [{'price': 196.51, 'size': 100, 'timestamp': 1614285893446}], 'asks': []}, 'seq': 2317}"
585,
586,"{'symbol': 'IEX', 'messageType': 'book', 'data': {'bids': [], 'asks': []}, 'seq': 2318}"
587,"{'symbol': 'IEX', 'messageType': 'book', 'data': {'bids': [], 'asks': []}, 'seq': 2319}"
588,"{'symbol': 'IEX', 'messageType': 'book', 'data': {'bids': [{'price': 196.52, 'size': 100, 'timestamp': 1614285907729}], 'asks': []}, 'seq': 2320}"
589,"{'symbol': 'IEX', 'messageType': 'book', 'data': {'bids': [], 'asks': []}, 'seq': 2321}"
590,"{'symbol': 'IEX', 'messageType': 'book', 'data': {'bids': [{'price': 196.54, 'size': 100, 'timestamp': 1614285915033}], 'asks': []}, 'seq': 2322}"
591,"{'symbol': 'IEX', 'messageType': 'book', 'data': {'bids': [], 'asks': []}, 'seq': 2323}"
592,"{'symbol': 'IEX', 'messageType': 'book', 'data': {'bids': [{'price': 196.66, 'size': 100, 'timestamp': 1614285919099}], 'asks': []}, 'seq': 2324}"
593,"{'symbol': 'IEX', 'messageType': 'book', 'data': {'bids': [], 'asks': []}, 'seq': 2325}"
594,"{'symbol': 'IEX', 'messageType': 'book', 'data': {'bids': [{'price': 196.77, 'size': 100, 'timestamp': 1614285928197}], 'asks': []}, 'seq': 2326}"
595,"{'symbol': 'IEX', 'messageType': 'book', 'data': {'bids': [{'price': 196.77, 'size': 100, 'timestamp': 1614285928197}], 'asks': [{'price': 197.19, 'size': 100, 'timestamp': 1614285933435}]}, 'seq': 2327}"
596,"{'symbol': 'IEX', 'messageType': 'book', 'data': {'bids': [{'price': 196.77, 'size': 100, 'timestamp': 1614285928197}], 'asks': []}, 'seq': 2328}"
597,"{'symbol': 'IEX', 'messageType': 'book', 'data': {'bids': [{'price': 196.79, 'size': 100, 'timestamp': 1614285936434}, {'price': 196.77, 'size': 100, 'timestamp': 1614285928197}], 'asks': []}, 'seq': 2329}"
598,"{'symbol': 'IEX', 'messageType': 'book', 'data': {'bids': [{'price': 196.84, 'size': 100, 'timestamp': 1614285940687}, {'price': 196.77, 'size': 100, 'timestamp': 1614285928197}], 'asks': []}, 'seq': 2330}"
599,"{'symbol': 'IEX', 'messageType': 'book', 'data': {'bids': [{'price': 196.77, 'size': 100, 'timestamp': 1614285928197}], 'asks': []}, 'seq': 2331}"
600,"{'symbol': 'IEX', 'messageType': 'book', 'data': {'bids': [{'price': 196.82, 'size': 100, 'timestamp': 1614285947890}], 'asks': []}, 'seq': 2332}"
601,"{'symbol': 'IEX', 'messageType': 'book', 'data': {'bids': [{'price': 196.75, 'size': 100, 'timestamp': 1614285951682}], 'asks': []}, 'seq': 2333}"
602,"{'symbol': 'IEX', 'messageType': 'book', 'data': {'bids': [], 'asks': []}, 'seq': 2334}"
603,
604,"{'symbol': 'IEX', 'messageType': 'book', 'data': {'bids': [], 'asks': []}, 'seq': 2335}"
605,"{'symbol': 'IEX', 'messageType': 'book', 'data': {'bids': [], 'asks': [{'price': 197.11, 'size': 100, 'timestamp': 1614285961983}]}, 'seq': 2336}"
606,"{'symbol': 'IEX', 'messageType': 'book', 'data': {'bids': [], 'asks': [{'price': 197.11, 'size': 100, 'timestamp': 1614285965107}]}, 'seq': 2337}"
607,"{'symbol': 'IEX', 'messageType': 'book', 'data': {'bids': [{'price': 196.73, 'size': 100, 'timestamp': 1614285970011}], 'asks': []}, 'seq': 2338}"
608,"{'symbol': 'IEX', 'messageType': 'book', 'data': {'bids': [{'price': 196.73, 'size': 100, 'timestamp': 1614285970011}], 'asks': [{'price': 197.11, 'size': 100, 'timestamp': 1614285972481}]}, 'seq': 2339}"
609,"{'symbol': 'IEX', 'messageType': 'book', 'data': {'bids': [{'price': 196.73, 'size': 100, 'timestamp': 1614285975833}], 'asks': []}, 'seq': 2340}"
610,"{'symbol': 'IEX', 'messageType': 'book', 'data': {'bids': [{'price': 196.73, 'size': 100, 'timestamp': 1614285981661}], 'asks': []}, 'seq': 2341}"
611,"{'symbol': 'IEX', 'messageType': 'book', 'data': {'bids': [{'price': 196.82, 'size': 100, 'timestamp': 1614285983731}], 'asks': []}, 'seq': 2342}"
612,"{'symbol': 'IEX', 'messageType': 'book', 'data': {'bids': [], 'asks': []}, 'seq': 2343}"
613,"{'symbol': 'IEX', 'messageType': 'book', 'data': {'bids': [], 'asks': []}, 'seq': 2344}"
614,"{'symbol': 'IEX', 'messageType': 'book', 'data': {'bids': [], 'asks': []}, 'seq': 2345}"
615,"{'symbol': 'IEX', 'messageType': 'book', 'data': {'bids': [], 'asks': []}, 'seq': 2346}"
616,"{'symbol': 'IEX', 'messageType': 'book', 'data': {'bids': [], 'asks': []}, 'seq': 2347}"
617,"{'symbol': 'IEX', 'messageType': 'book', 'data': {'bids': [{'price': 196.89, 'size': 100, 'timestamp': 1614286005965}], 'asks': [{'price': 197.21, 'size': 100, 'timestamp': 1614286006539}]}, 'seq': 2348}"
618,"{'symbol': 'IEX', 'messageType': 'book', 'data': {'bids': [{'price': 196.89, 'size': 100, 'timestamp': 1614286005965}], 'asks': [{'price': 197.21, 'size': 100, 'timestamp': 1614286006539}]}, 'seq': 2349}"
619,"{'symbol': 'IEX', 'messageType': 'book', 'data': {'bids': [{'price': 197.0, 'size': 100, 'timestamp': 1614286013276}, {'price': 196.89, 'size': 100, 'timestamp': 1614286005965}], 'asks': [{'price': 197.21, 'size': 100, 'timestamp': 1614286006539}]}, 'seq': 2350}"
620,"{'symbol': 'IEX', 'messageType': 'book', 'data': {'bids': [{'price': 196.89, 'size': 100, 'timestamp': 1614286005965}], 'asks': [{'price': 197.21, 'size': 100, 'timestamp': 1614286006539}]}, 'seq': 2351}"
621,
622,"{'symbol': 'IEX', 'messageType': 'book', 'data': {'bids': [{'price': 196.89, 'size': 100, 'timestamp': 1614286005965}], 'asks': [{'price': 197.21, 'size': 100, 'timestamp': 1614286006539}]}, 'seq': 2352}"
623,"{'symbol': 'IEX', 'messageType': 'book', 'data': {'bids': [], 'asks': []}, 'seq': 2353}"
624,"{'symbol': 'IEX', 'messageType': 'book', 'data': {'bids': [{'price': 196.82, 'size': 100, 'timestamp': 1614286033285}], 'asks': [{'price': 197.05, 'size': 100, 'timestamp': 1614286033276}]}, 'seq': 2354}"
625,"{'symbol': 'IEX', 'messageType': 'book', 'data': {'bids': [{'price': 196.62, 'size': 100, 'timestamp': 1614286033647}], 'asks': [{'price': 197.05, 'size': 100, 'timestamp': 1614286033276}]}, 'seq': 2355}"
626,"{'symbol': 'IEX', 'messageType': 'book', 'data': {'bids': [{'price': 196.74, 'size': 100, 'timestamp': 1614286033648}], 'asks': [{'price': 197.05, 'size': 100, 'timestamp': 1614286033276}]}, 'seq': 2356}"
627,"{'symbol': 'IEX', 'messageType': 'book', 'data': {'bids': [{'price': 196.74, 'size': 100, 'timestamp': 1614286033648}], 'asks': [{'price': 197.04, 'size': 100, 'timestamp': 1614286036067}]}, 'seq': 2357}"
628,"{'symbol': 'IEX', 'messageType': 'book', 'data': {'bids': [{'price': 196.77, 'size': 100, 'timestamp': 1614286042458}], 'asks': []}, 'seq': 2358}"
629,"{'symbol': 'IEX', 'messageType': 'book', 'data': {'bids': [{'price': 196.88, 'size': 100, 'timestamp': 1614286051178}], 'asks': [{'price': 197.17, 'size': 100, 'timestamp': 1614286053308}]}, 'seq': 2359}"
630,"{'symbol': 'IEX', 'messageType': 'book', 'data': {'bids': [{'price': 196.88, 'size': 100, 'timestamp': 1614286051178}], 'asks': [{'price': 197.15, 'size': 100, 'timestamp': 1614286055906}]}, 'seq': 2360}"
631,"{'symbol': 'IEX', 'messageType': 'book', 'data': {'bids': [{'price': 196.88, 'size': 100, 'timestamp': 1614286051178}], 'asks': []}, 'seq': 2361}"
632,"{'symbol': 'IEX', 'messageType': 'book', 'data': {'bids': [{'price': 196.82, 'size': 100, 'timestamp': 1614286062297}], 'asks': []}, 'seq': 2362}"
633,"{'symbol': 'IEX', 'messageType': 'book', 'data': {'bids': [{'price': 196.91, 'size': 100, 'timestamp': 1614286063302}], 'asks': []}, 'seq': 2363}"
634,"{'symbol': 'IEX', 'messageType': 'book', 'data': {'bids': [{'price': 196.99, 'size': 100, 'timestamp': 1614286069980}], 'asks': [{'price': 197.34, 'size': 100, 'timestamp': 1614286069989}]}, 'seq': 2364}"
635,"{'symbol': 'IEX', 'messageType': 'book', 'data': {'bids': [{'price': 197.03, 'size': 100, 'timestamp': 1614286070035}], 'asks': [{'price': 197.42, 'size': 100, 'timestamp': 1614286070023}]}, 'seq': 2365}"
636,"{'symbol': 'IEX', 'messageType': 'book', 'data': {'bids': [{'price': 197.16, 'size': 100, 'timestamp': 1614286074054}, {'price': 197.04, 'size': 100, 'timestamp': 1614286072325}], 'asks': [{'price': 197.5, 'size': 100, 'timestamp': 1614286073569}]}, 'seq': 2366}"
637,
638,"{'symbol': 'IEX', 'messageType': 'book', 'data': {'bids': [{'price': 197.16, 'size': 100, 'timestamp': 1614286074054}, {'price': 197.04, 'size': 100, 'timestamp': 1614286072325}], 'asks': [{'price': 197.49, 'size': 100, 'timestamp': 1614286077807}]}, 'seq': 2367}"
639,"{'symbol': 'IEX', 'messageType': 'book', 'data': {'bids': [{'price': 197.04, 'size': 100, 'timestamp': 1614286072325}], 'asks': [{'price': 197.48, 'size': 100, 'timestamp': 1614286081441}]}, 'seq': 2368}"
640,"{'symbol': 'IEX', 'messageType': 'book', 'data': {'bids': [{'price': 197.04, 'size': 100, 'timestamp': 1614286072325}], 'asks': [{'price': 197.48, 'size': 100, 'timestamp': 1614286081441}]}, 'seq': 2369}"
641,"{'symbol': 'IEX', 'messageType': 'book', 'data': {'bids': [{'price': 197.07, 'size': 100, 'timestamp': 1614286088506}, {'price': 197.04, 'size': 100, 'timestamp': 1614286072325}], 'asks': [{'price': 197.34, 'size': 100, 'timestamp': 1614286087504}]}, 'seq': 2370}"
642,"{'symbol': 'IEX', 'messageType': 'book', 'data': {'bids': [{'price': 197.04, 'size': 100, 'timestamp': 1614286072325}], 'asks': [{'price': 197.43, 'size': 100, 'timestamp': 1614286096239}]}, 'seq': 2371}"
643,"{'symbol': 'IEX', 'messageType': 'book', 'data': {'bids': [{'price': 197.06, 'size': 100, 'timestamp': 1614286097427}], 'asks': [{'price': 197.41, 'size': 100, 'timestamp': 1614286099004}]}, 'seq': 2372}"
644,"{'symbol': 'IEX', 'messageType': 'book', 'data': {'bids': [{'price': 197.06, 'size': 100, 'timestamp': 1614286097427}], 'asks': [{'price': 197.41, 'size': 100, 'timestamp': 1614286099004}]}, 'seq': 2373}"
645,"{'symbol': 'IEX', 'messageType': 'book', 'data': {'bids': [{'price': 197.07, 'size': 100, 'timestamp': 1614286104978}], 'asks': []}, 'seq': 2374}"
646,"{'symbol': 'IEX', 'messageType': 'book', 'data': {'bids': [], 'asks': [{'price': 197.31, 'size': 100, 'timestamp': 1614286115103}]}, 'seq': 2375}"
647,"{'symbol': 'IEX', 'messageType': 'book', 'data': {'bids': [], 'asks': [{'price': 197.35, 'size': 100, 'timestamp': 1614286120011}]}, 'seq': 2376}"
648,"{'symbol': 'IEX', 'messageType': 'book', 'data': {'bids': [], 'asks': [{'price': 197.35, 'size': 100, 'timestamp': 1614286120011}]}, 'seq': 2377}"
649,
650,"{'symbol': 'IEX', 'messageType': 'book', 'data': {'bids': [], 'asks': [{'price': 197.35, 'size': 100, 'timestamp': 1614286137200}]}, 'seq': 2378}"
651,"{'symbol': 'IEX', 'messageType': 'book', 'data': {'bids': [], 'asks': [{'price': 197.35, 'size': 100, 'timestamp': 1614286137200}]}, 'seq': 2379}"
652,"{'symbol': 'IEX', 'messageType': 'book', 'data': {'bids': [], 'asks': [{'price': 197.35, 'size': 100, 'timestamp': 1614286137200}]}, 'seq': 2380}"
653,"{'symbol': 'IEX', 'messageType': 'book', 'data': {'bids': [], 'asks': [{'price': 197.27, 'size': 100, 'timestamp': 1614286157473}, {'price': 197.35, 'size': 100, 'timestamp': 1614286137200}]}, 'seq': 2381}"
654,"{'symbol': 'IEX', 'messageType': 'book', 'data': {'bids': [], 'asks': [{'price': 197.27, 'size': 100, 'timestamp': 1614286162097}]}, 'seq': 2382}"
655,"{'symbol': 'IEX', 'messageType': 'book', 'data': {'bids': [{'price': 196.92, 'size': 100, 'timestamp': 1614286165391}], 'asks': [{'price': 197.27, 'size': 100, 'timestamp': 1614286162097}]}, 'seq': 2383}"
656,"{'symbol': 'IEX', 'messageType': 'book', 'data': {'bids': [], 'asks': [{'price': 197.27, 'size': 100, 'timestamp': 1614286162097}]}, 'seq': 2384}"
657,"{'symbol': 'IEX', 'messageType': 'book', 'data': {'bids': [{'price': 197.0, 'size': 100, 'timestamp': 1614286176548}], 'asks': [{'price': 197.29, 'size': 100, 'timestamp': 1614286176547}]}, 'seq': 2385}"
658,"{'symbol': 'IEX', 'messageType': 'book', 'data': {'bids': [{'price': 197.01, 'size': 100, 'timestamp': 1614286180308}], 'asks': [{'price': 197.29, 'size': 100, 'timestamp': 1614286176547}]}, 'seq': 2386}"
659,"{'symbol': 'IEX', 'messageType': 'book', 'data': {'bids': [{'price': 196.97, 'size': 100, 'timestamp': 1614286190083}], 'asks': [{'price': 197.37, 'size': 100, 'timestamp': 1614286190053}]}, 'seq': 2387}"
660,"{'symbol': 'IEX', 'messageType': 'book', 'data': {'bids': [], 'asks': [{'price': 197.37, 'size': 100, 'timestamp': 1614286190053}]}, 'seq': 2388}"
661,
662,"{'symbol': 'IEX', 'messageType': 'book', 'data': {'bids': [], 'asks': [{'price': 197.19, 'size': 100, 'timestamp': 1614286198286}]}, 'seq': 2389}"
663,"{'symbol': 'IEX', 'messageType': 'book', 'data': {'bids': [], 'asks': []}, 'seq': 2390}"
664,"{'symbol': 'IEX', 'messageType': 'book', 'data': {'bids': [{'price': 196.93, 'size': 100, 'timestamp': 1614286213167}], 'asks': []}, 'seq': 2391}"
665,"{'symbol': 'IEX', 'messageType': 'book', 'data': {'bids': [{'price': 196.93, 'size': 100, 'timestamp': 1614286213167}], 'asks': []}, 'seq': 2392}"
666,"{'symbol': 'IEX', 'messageType': 'book', 'data': {'bids': [{'price': 196.97, 'size': 100, 'timestamp': 1614286220285}], 'asks': []}, 'seq': 2393}"
667,"{'symbol': 'IEX', 'messageType': 'book', 'data': {'bids': [{'price': 196.97, 'size': 100, 'timestamp': 1614286220285}], 'asks': []}, 'seq': 2394}"
668,"{'symbol': 'IEX', 'messageType': 'book', 'data': {'bids': [], 'asks': [{'price': 197.25, 'size': 100, 'timestamp': 1614286234719}]}, 'seq': 2395}"
669,"{'symbol': 'IEX', 'messageType': 'book', 'data': {'bids': [], 'asks': []}, 'seq': 2396}"
670,"{'symbol': 'IEX', 'messageType': 'book', 'data': {'bids': [{'price': 196.97, 'size': 100, 'timestamp': 1614286246286}], 'asks': [{'price': 197.27, 'size': 100, 'timestamp': 1614286247289}]}, 'seq': 2397}"
671,"{'symbol': 'IEX', 'messageType': 'book', 'data': {'bids': [], 'asks': []}, 'seq': 2398}"
672,"{'symbol': 'IEX', 'messageType': 'book', 'data': {'bids': [], 'asks': []}, 'seq': 2399}"
673,"{'symbol': 'IEX', 'messageType': 'book', 'data': {'bids': [{'price': 196.97, 'size': 100, 'timestamp': 1614286253753}], 'asks': []}, 'seq': 2400}"
674,
675,"{'symbol': 'IEX', 'messageType': 'book', 'data': {'bids': [{'price': 196.99, 'size': 100, 'timestamp': 1614286257299}], 'asks': []}, 'seq': 2401}"
676,"{'symbol': 'IEX', 'messageType': 'book', 'data': {'bids': [], 'asks': [{'price': 197.27, 'size': 100, 'timestamp': 1614286261403}]}, 'seq': 2402}"
677,"{'symbol': 'IEX', 'messageType': 'book', 'data': {'bids': [{'price': 197.02, 'size': 100, 'timestamp': 1614286269520}], 'asks': []}, 'seq': 2403}"
678,"{'symbol': 'IEX', 'messageType': 'book', 'data': {'bids': [], 'asks': []}, 'seq': 2404}"
679,"{'symbol': 'IEX', 'messageType': 'book', 'data': {'bids': [], 'asks': []}, 'seq': 2405}"
